Timestamp,FPS,Confidence
17:08:04.358,31,0.9094
17:08:04.404,20,0.9001
17:08:04.452,21,0.9033
17:08:04.482,31,0.9063
17:08:04.531,20,0.9011
17:08:04.576,20,0.9018
17:08:04.610,31,0.9132
17:08:04.658,21,0.9057
17:08:04.706,20,0.9109
17:08:04.754,21,0.9197
17:08:04.785,31,0.9219
17:08:04.838,20,0.9107
17:08:04.887,20,0.9026
17:08:04.918,31,0.8994
17:08:04.965,20,0.8920
17:08:05.012,20,0.9052
17:08:05.041,32,0.8969
17:08:05.091,20,0.9153
17:08:05.143,20,0.9176
17:08:05.172,30,0.9218
17:08:05.220,20,0.9248
17:08:05.268,21,0.9233
17:08:05.316,20,0.9258
17:08:05.350,31,0.9197
17:08:05.397,20,0.9288
17:08:05.430,32,0.9218
17:08:05.477,20,0.9117
17:08:05.522,20,0.9213
17:08:05.570,20,0.9111
17:08:05.609,30,0.9153
17:08:05.653,20,0.9033
17:08:05.699,20,0.8995
17:08:05.729,31,0.9041
17:08:05.777,20,0.9118
17:08:05.825,20,0.9118
17:08:05.859,31,0.9164
17:08:05.908,20,0.9288
17:08:05.959,21,0.9443
17:08:05.990,30,0.9391
17:08:06.039,21,0.9225
17:08:06.085,20,0.9195
17:08:06.119,31,0.9238
17:08:06.165,20,0.9169
17:08:06.211,20,0.9188
17:08:06.256,20,0.9277
17:08:06.291,30,0.9278
17:08:06.336,20,0.9021
17:08:06.387,20,0.9279
17:08:06.419,32,0.9306
17:08:06.466,20,0.9296
17:08:06.514,20,0.9398
17:08:06.545,31,0.9446
17:08:06.592,20,0.9412
17:08:06.640,20,0.9427
17:08:06.673,31,0.9443
17:08:06.722,20,0.9412
17:08:06.769,21,0.9445
17:08:06.801,31,0.9396
17:08:06.848,20,0.9395
17:08:06.897,20,0.9459
17:08:06.946,21,0.9499
17:08:06.979,31,0.9508
17:08:07.027,20,0.9545
17:08:07.071,21,0.9555
17:08:07.104,30,0.9622
17:08:07.155,20,0.9589
17:08:07.200,20,0.9573
17:08:07.233,30,0.9587
17:08:07.280,21,0.9547
17:08:07.329,21,0.9544
17:08:07.362,30,0.9520
17:08:07.411,21,0.9492
17:08:07.463,20,0.9488
17:08:07.493,31,0.9471
17:08:07.537,21,0.9282
17:08:07.584,20,0.9475
17:08:07.617,30,0.9512
17:08:07.665,20,0.9508
17:08:07.714,20,0.9506
17:08:07.745,30,0.9432
17:08:07.791,20,0.9531
17:08:07.841,20,0.9533
17:08:07.888,21,0.9465
17:08:07.924,30,0.9461
17:08:07.970,20,0.9408
17:08:08.019,21,0.9319
17:08:08.049,30,0.9304
17:08:08.096,20,0.9169
17:08:08.145,20,0.9173
17:08:08.176,31,0.9084
17:08:08.226,20,0.9222
17:08:08.273,20,0.9286
17:08:08.304,31,0.9263
17:08:08.353,20,0.9266
17:08:08.403,21,0.9335
17:08:08.436,31,0.9308
17:08:08.484,20,0.9336
17:08:08.529,21,0.9352
17:08:08.577,20,0.9404
17:08:08.609,30,0.9358
17:08:08.658,20,0.9305
17:08:08.705,21,0.9331
17:08:08.737,31,0.9342
17:08:08.785,20,0.9325
17:08:08.834,20,0.9299
17:08:08.867,31,0.9344
17:08:08.913,20,0.9250
17:08:08.961,21,0.9246
17:08:08.994,30,0.9228
17:08:09.041,20,0.9220
17:08:09.090,20,0.9299
17:08:09.121,32,0.9293
17:08:09.168,20,0.9274
17:08:09.220,20,0.9306
17:08:09.251,31,0.9273
17:08:09.299,20,0.9165
17:08:09.348,20,0.9137
17:08:09.379,32,0.9150
17:08:09.429,20,0.9330
17:08:09.476,20,0.9367
17:08:09.524,20,0.9209
17:08:09.555,31,0.9129
17:08:09.601,21,0.9149
17:08:09.652,20,0.9117
17:08:09.682,30,0.9115
17:08:09.730,21,0.8973
17:08:09.777,20,0.9074
17:08:09.808,31,0.9224
17:08:09.860,20,0.9274
17:08:09.904,20,0.9003
17:08:09.941,30,0.9323
17:08:09.989,20,0.9284
17:08:10.035,21,0.9178
17:08:10.065,31,0.9353
17:08:10.113,20,0.9370
17:08:10.161,20,0.9365
17:08:10.210,20,0.9279
17:08:10.241,32,0.9367
17:08:10.291,20,0.9380
17:08:10.337,20,0.9453
17:08:10.371,31,0.9447
17:08:10.418,20,0.9444
17:08:10.467,20,0.9364
17:08:10.501,31,0.9479
17:08:10.547,20,0.9489
17:08:10.593,20,0.9475
17:08:10.626,31,0.9383
17:08:10.673,20,0.9478
17:08:10.721,21,0.9449
17:08:10.754,30,0.9464
17:08:10.801,21,0.9444
17:08:10.849,20,0.9411
17:08:10.883,31,0.9404
17:08:10.931,20,0.9404
17:08:10.978,20,0.9362
17:08:11.011,31,0.9389
17:08:11.057,20,0.9317
17:08:11.105,21,0.9459
17:08:11.154,20,0.9445
17:08:11.188,31,0.9471
17:08:11.232,20,0.9416
17:08:11.281,20,0.9481
17:08:11.314,30,0.9495
17:08:11.362,20,0.9463
17:08:11.411,20,0.9374
17:08:11.441,31,0.9419
17:08:11.493,21,0.9339
17:08:11.540,20,0.9306
17:08:11.572,30,0.9268
17:08:11.617,21,0.9217
17:08:11.666,20,0.9180
17:08:11.697,31,0.9221
17:08:11.745,21,0.9209
17:08:11.793,20,0.9260
17:08:11.825,30,0.9302
17:08:11.875,20,0.9379
17:08:11.921,20,0.9341
17:08:11.970,20,0.9345
17:08:12.004,30,0.9301
17:08:12.051,21,0.9252
17:08:12.098,20,0.9234
17:08:12.129,31,0.9268
17:08:12.177,20,0.9224
17:08:12.225,20,0.9240
17:08:12.259,31,0.9279
17:08:12.306,20,0.9199
17:08:12.354,21,0.9048
17:08:12.386,31,0.9158
17:08:12.433,20,0.8976
17:08:12.483,20,0.8966
17:08:12.515,32,0.9058
17:08:12.563,21,0.8973
17:08:12.614,20,0.8970
17:08:12.643,30,0.9027
17:08:12.691,21,0.8992
17:08:12.739,20,0.8882
17:08:12.788,20,0.8668
17:08:12.819,30,0.8708
17:08:12.866,21,0.8803
17:08:12.914,20,0.8350
17:08:12.946,31,0.7983
17:08:12.996,20,0.8272
17:08:13.044,20,0.8046
17:08:13.075,31,0.7804
17:08:13.122,20,0.7045
17:08:13.169,21,0.7058
17:08:13.203,31,0.6342
17:08:13.250,20,0.7251
17:08:13.298,20,0.8062
17:08:13.330,31,0.7653
17:08:13.379,20,0.7690
17:08:13.427,20,0.7659
17:08:13.475,20,0.7299
17:08:13.507,31,0.6798
17:08:13.555,20,0.7770
17:08:13.601,21,0.8186
17:08:13.635,30,0.7124
17:08:13.683,21,0.7311
17:08:13.731,20,0.7426
17:08:13.761,31,0.7274
17:08:13.809,21,0.6519
17:08:13.857,20,0.7044
17:08:13.892,31,0.6758
17:08:13.938,20,0.6291
17:08:14.163,20,0.5931
17:08:14.195,31,0.7551
17:08:14.241,21,0.5743
17:08:14.289,20,0.6491
17:08:14.324,31,0.6546
17:08:14.419,20,0.6196
17:08:14.450,31,0.7329
17:08:14.498,20,0.6065
17:08:14.551,21,0.5315
17:08:14.582,30,0.6720
17:08:14.630,20,0.7482
17:08:14.679,21,0.6513
17:08:14.707,32,0.6101
17:08:14.754,20,0.7210
17:08:14.802,20,0.7274
17:08:14.834,31,0.6797
17:08:14.882,20,0.7139
17:08:14.929,20,0.7136
17:08:14.962,31,0.7036
17:08:15.011,20,0.7542
17:08:15.059,21,0.7397
17:08:15.107,20,0.7217
17:08:15.138,31,0.7361
17:08:15.187,20,0.7524
17:08:15.234,20,0.6888
17:08:15.269,31,0.6840
17:08:15.317,20,0.7340
17:08:15.362,20,0.6585
17:08:15.394,31,0.6669
17:08:15.441,20,0.6761
17:08:15.490,21,0.6659
17:08:15.570,20,0.7402
17:08:15.620,20,0.5877
17:08:15.650,31,0.6153
17:08:15.699,20,0.7589
17:08:15.747,20,0.7492
17:08:15.781,31,0.6799
17:08:15.828,20,0.6818
17:08:15.923,20,0.6493
17:08:15.955,31,0.6217
17:08:16.004,20,0.6971
17:08:16.052,20,0.6623
17:08:16.088,31,0.5101
17:08:16.132,20,0.6764
17:08:16.179,20,0.5945
17:08:16.216,30,0.6624
