Timestamp,Processing_Time_ms,FPS,Distance_m,Confidence,Mode
17:47:09.348,49.97,19,2.04,0.67,DETECT_ARRIVAL
17:47:09.381,29.81,31,2.03,0.73,DETECT_ARRIVAL
17:47:09.427,44.01,21,2.03,0.65,DETECT_ARRIVAL
17:47:09.474,44.61,21,2.02,0.68,DETECT_ARRIVAL
17:47:09.521,44.64,21,2.00,0.69,DETECT_ARRIVAL
17:47:09.554,30.81,30,1.97,0.82,DETECT_ARRIVAL
17:47:09.601,45.18,21,1.93,0.81,DETECT_ARRIVAL
17:47:09.650,45.98,20,1.89,0.82,DETECT_ARRIVAL
17:47:09.682,29.55,31,1.87,0.78,DETECT_ARRIVAL
17:47:09.730,45.51,20,1.84,0.79,DETECT_ARRIVAL
17:47:09.778,45.36,20,1.80,0.81,DETECT_ARRIVAL
17:47:09.810,26.05,31,1.76,0.83,DETECT_ARRIVAL
17:47:09.857,45.00,21,1.70,0.81,DETECT_ARRIVAL
17:47:09.904,45.29,21,1.65,0.78,DETECT_ARRIVAL
17:47:09.941,33.44,27,1.61,0.80,DETECT_ARRIVAL
17:47:09.987,44.96,21,1.57,0.81,DETECT_ARRIVAL
17:47:10.034,43.43,21,0.00,0.00,DETECT_ARRIVAL
17:47:10.065,28.51,32,0.00,0.00,DETECT_ARRIVAL
17:47:10.113,44.94,20,1.55,0.77,DETECT_ARRIVAL
17:47:10.160,45.43,21,0.00,0.00,DETECT_ARRIVAL
17:47:10.192,29.44,31,0.00,0.00,DETECT_ARRIVAL
17:47:10.241,45.76,20,0.00,0.00,DETECT_ARRIVAL
17:47:10.287,43.32,21,0.00,0.00,DETECT_ARRIVAL
17:47:10.321,29.97,30,1.54,0.75,DETECT_ARRIVAL
17:47:10.368,45.85,20,1.53,0.76,DETECT_ARRIVAL
17:47:10.417,44.97,20,1.49,0.81,DETECT_ARRIVAL
17:47:10.465,45.82,20,0.00,0.00,DETECT_ARRIVAL
17:47:10.497,29.10,31,0.00,0.00,DETECT_ARRIVAL
17:47:10.545,46.22,20,0.00,0.00,DETECT_ARRIVAL
17:47:10.591,44.90,21,0.00,0.00,DETECT_ARRIVAL
17:47:10.627,32.68,27,0.00,0.00,DETECT_ARRIVAL
17:47:10.672,42.62,22,0.00,0.00,DETECT_ARRIVAL
17:47:10.719,46.24,20,0.00,0.00,DETECT_ARRIVAL
17:47:10.753,29.91,30,0.00,0.00,DETECT_ARRIVAL
17:47:10.801,46.99,20,0.00,0.00,DETECT_ARRIVAL
17:47:10.848,44.09,21,0.00,0.00,DETECT_ARRIVAL
17:47:10.880,30.08,31,0.00,0.00,DETECT_ARRIVAL
17:47:10.928,44.81,20,0.00,0.00,DETECT_ARRIVAL
17:47:10.978,47.79,20,0.00,0.00,DETECT_ARRIVAL
17:47:11.008,28.31,32,0.00,0.00,DETECT_ARRIVAL
17:47:11.057,45.51,20,0.00,0.00,DETECT_ARRIVAL
17:47:11.104,45.94,21,0.00,0.00,DETECT_ARRIVAL
17:47:11.152,45.63,21,0.00,0.00,DETECT_ARRIVAL
17:47:11.184,29.58,30,0.00,0.00,DETECT_ARRIVAL
17:47:11.232,44.85,20,0.00,0.00,DETECT_ARRIVAL
17:47:11.281,45.89,20,0.00,0.00,DETECT_ARRIVAL
17:47:11.313,29.98,30,0.00,0.00,DETECT_ARRIVAL
17:47:11.362,46.60,20,0.00,0.00,DETECT_ARRIVAL
17:47:11.409,45.03,21,0.00,0.00,DETECT_ARRIVAL
17:47:11.440,26.78,32,0.00,0.00,DETECT_ARRIVAL
17:47:11.487,45.16,21,0.00,0.00,DETECT_ARRIVAL
17:47:11.535,46.61,20,0.00,0.00,DETECT_ARRIVAL
17:47:11.567,29.81,31,0.00,0.00,DETECT_ARRIVAL
17:47:11.615,45.98,20,0.00,0.00,DETECT_ARRIVAL
17:47:11.664,46.42,20,0.00,0.00,DETECT_ARRIVAL
17:47:11.696,29.35,31,0.00,0.00,DETECT_ARRIVAL
17:47:11.744,45.16,20,0.00,0.00,DETECT_ARRIVAL
17:47:11.792,45.81,21,0.00,0.00,DETECT_ARRIVAL
17:47:11.823,28.68,31,0.00,0.00,DETECT_ARRIVAL
17:47:11.872,45.73,20,0.00,0.00,DETECT_ARRIVAL
17:47:11.919,45.88,20,0.00,0.00,DETECT_ARRIVAL
17:47:11.953,30.27,30,0.00,0.00,DETECT_ARRIVAL
17:47:12.002,46.66,20,0.00,0.00,DETECT_ARRIVAL
17:47:12.048,44.45,21,0.00,0.00,DETECT_ARRIVAL
17:47:12.096,45.86,20,0.00,0.00,DETECT_ARRIVAL
17:47:12.129,30.00,30,0.00,0.00,DETECT_ARRIVAL
17:47:12.176,45.32,21,0.00,0.00,DETECT_ARRIVAL
17:47:12.224,45.78,20,0.00,0.00,DETECT_ARRIVAL
17:47:12.257,29.42,30,0.00,0.00,DETECT_ARRIVAL
17:47:12.304,44.55,21,0.00,0.00,DETECT_ARRIVAL
17:47:12.353,46.49,20,0.00,0.00,DETECT_ARRIVAL
17:47:12.385,30.62,30,0.00,0.00,DETECT_ARRIVAL
17:47:12.432,45.78,21,0.00,0.00,DETECT_ARRIVAL
17:47:12.480,45.99,21,0.00,0.00,DETECT_ARRIVAL
17:47:12.512,29.31,31,0.00,0.00,DETECT_ARRIVAL
17:47:12.560,45.22,20,0.00,0.00,DETECT_ARRIVAL
17:47:12.609,46.21,20,0.00,0.00,DETECT_ARRIVAL
17:47:12.640,28.97,32,0.00,0.00,DETECT_ARRIVAL
17:47:12.688,44.31,20,0.00,0.00,DETECT_ARRIVAL
17:47:12.737,45.37,20,0.00,0.00,DETECT_ARRIVAL
17:47:12.785,46.75,20,0.00,0.00,DETECT_ARRIVAL
17:47:12.818,29.26,31,0.00,0.00,DETECT_ARRIVAL
17:47:12.865,44.88,21,0.00,0.00,DETECT_ARRIVAL
17:47:12.914,46.02,20,0.00,0.00,DETECT_ARRIVAL
17:47:12.945,29.29,31,0.00,0.00,DETECT_ARRIVAL
17:47:12.994,46.19,20,0.00,0.00,DETECT_ARRIVAL
17:47:13.043,46.96,20,0.00,0.00,DETECT_ARRIVAL
17:47:13.074,28.28,32,0.00,0.00,DETECT_ARRIVAL
17:47:13.120,44.92,21,0.00,0.00,DETECT_ARRIVAL
17:47:13.168,45.76,20,0.00,0.00,DETECT_ARRIVAL
17:47:13.203,32.09,28,0.00,0.00,DETECT_ARRIVAL
17:47:13.248,43.13,22,0.00,0.00,DETECT_ARRIVAL
17:47:13.298,46.06,20,0.00,0.00,DETECT_ARRIVAL
17:47:13.330,28.70,31,0.00,0.00,DETECT_ARRIVAL
17:47:13.379,47.47,20,0.00,0.00,DETECT_ARRIVAL
17:47:13.426,44.13,21,0.00,0.00,DETECT_ARRIVAL
17:47:13.458,28.81,30,0.00,0.00,DETECT_ARRIVAL
17:47:13.505,45.13,21,0.00,0.00,DETECT_ARRIVAL
17:47:13.554,46.66,20,0.00,0.00,DETECT_ARRIVAL
17:47:13.587,30.66,30,0.00,0.00,DETECT_ARRIVAL
17:47:13.633,43.45,21,0.00,0.00,DETECT_ARRIVAL
17:47:13.682,45.93,20,0.00,0.00,DETECT_ARRIVAL
17:47:13.730,45.18,20,0.00,0.00,DETECT_ARRIVAL
17:47:13.761,28.86,32,0.00,0.00,DETECT_ARRIVAL
17:47:13.809,44.59,20,0.00,0.00,DETECT_ARRIVAL
17:47:13.858,46.16,20,0.00,0.00,DETECT_ARRIVAL
17:47:13.887,25.82,35,0.00,0.00,DETECT_ARRIVAL
17:47:13.937,47.22,19,0.00,0.00,DETECT_ARRIVAL
17:47:13.986,47.43,20,0.00,0.00,DETECT_ARRIVAL
17:47:14.017,28.54,32,0.00,0.00,DETECT_ARRIVAL
17:47:14.067,47.24,19,0.00,0.00,DETECT_ARRIVAL
17:47:14.114,43.92,21,0.00,0.00,DETECT_ARRIVAL
17:47:14.146,29.42,31,0.00,0.00,DETECT_ARRIVAL
17:47:14.193,45.50,20,0.00,0.00,DETECT_ARRIVAL
17:47:14.240,44.74,21,0.00,0.00,DETECT_ARRIVAL
17:47:14.274,30.01,29,0.00,0.00,DETECT_ARRIVAL
17:47:14.320,44.94,21,0.00,0.00,DETECT_ARRIVAL
17:47:14.370,46.64,20,0.00,0.00,DETECT_ARRIVAL
17:47:14.419,46.22,20,0.00,0.00,DETECT_ARRIVAL
17:47:14.451,29.99,30,0.00,0.00,DETECT_ARRIVAL
17:47:14.499,44.88,21,0.00,0.00,DETECT_ARRIVAL
17:47:14.547,44.63,20,0.00,0.00,DETECT_ARRIVAL
17:47:14.580,29.97,30,0.00,0.00,DETECT_ARRIVAL
17:47:14.626,43.68,21,0.00,0.00,DETECT_ARRIVAL
17:47:14.676,47.48,20,0.00,0.00,DETECT_ARRIVAL
17:47:14.706,27.28,33,0.00,0.00,DETECT_ARRIVAL
17:47:14.755,46.67,20,0.00,0.00,DETECT_ARRIVAL
17:47:14.802,44.95,21,0.00,0.00,DETECT_ARRIVAL
17:47:14.834,28.73,31,0.00,0.00,DETECT_ARRIVAL
17:47:14.883,46.94,20,0.00,0.00,DETECT_ARRIVAL
17:47:14.930,44.41,21,0.00,0.00,DETECT_ARRIVAL
17:47:14.962,29.43,30,0.00,0.00,DETECT_ARRIVAL
17:47:15.010,45.61,21,0.00,0.00,DETECT_ARRIVAL
17:47:15.058,45.55,20,0.00,0.00,DETECT_ARRIVAL
17:47:15.108,46.47,20,0.00,0.00,DETECT_ARRIVAL
17:47:15.137,27.87,34,0.00,0.00,DETECT_ARRIVAL
17:47:15.187,47.75,20,0.00,0.00,DETECT_ARRIVAL
17:47:15.219,29.32,30,0.00,0.00,DETECT_ARRIVAL
17:47:15.266,43.79,21,0.00,0.00,DETECT_ARRIVAL
17:47:15.313,45.85,21,0.00,0.00,DETECT_ARRIVAL
17:47:15.363,48.20,20,0.00,0.00,DETECT_ARRIVAL
17:47:15.396,29.56,30,0.00,0.00,DETECT_ARRIVAL
17:47:15.441,42.79,21,0.00,0.00,DETECT_ARRIVAL
17:47:15.489,45.44,20,0.00,0.00,DETECT_ARRIVAL
17:47:15.520,29.09,32,0.00,0.00,DETECT_ARRIVAL
17:47:15.569,46.90,20,0.00,0.00,DETECT_ARRIVAL
17:47:15.618,47.60,20,0.00,0.00,DETECT_ARRIVAL
17:47:15.649,27.23,32,0.00,0.00,DETECT_ARRIVAL
17:47:15.699,47.55,19,0.00,0.00,DETECT_ARRIVAL
17:47:15.744,42.08,22,0.00,0.00,DETECT_ARRIVAL
17:47:15.777,29.75,30,0.00,0.00,DETECT_ARRIVAL
17:47:15.824,45.42,21,0.00,0.00,DETECT_ARRIVAL
17:47:15.872,46.13,21,0.00,0.00,DETECT_ARRIVAL
17:47:15.904,29.45,30,0.00,0.00,DETECT_ARRIVAL
17:47:15.953,46.41,20,0.00,0.00,DETECT_ARRIVAL
17:47:16.002,46.06,20,0.00,0.00,DETECT_ARRIVAL
17:47:16.049,43.78,21,0.00,0.00,DETECT_ARRIVAL
17:47:16.082,30.63,30,0.00,0.00,DETECT_ARRIVAL
17:47:16.130,45.84,20,0.00,0.00,DETECT_ARRIVAL
17:47:16.177,44.40,21,0.00,0.00,DETECT_ARRIVAL
17:47:16.208,28.75,31,0.00,0.00,DETECT_ARRIVAL
17:47:16.256,44.58,20,0.00,0.00,DETECT_ARRIVAL
17:47:16.304,46.12,20,0.00,0.00,DETECT_ARRIVAL
17:47:16.337,29.61,30,0.00,0.00,DETECT_ARRIVAL
17:47:16.384,45.76,21,0.00,0.00,DETECT_ARRIVAL
17:47:16.432,45.68,20,1.55,0.57,DETECT_ARRIVAL
17:47:16.465,29.77,30,1.61,0.58,DETECT_ARRIVAL
17:47:16.515,47.29,20,1.67,0.59,DETECT_ARRIVAL
17:47:16.562,44.06,21,1.74,0.58,DETECT_ARRIVAL
17:47:16.594,29.17,30,1.80,0.61,DETECT_ARRIVAL
17:47:16.642,44.89,20,0.00,0.00,DETECT_ARRIVAL
17:47:16.689,44.19,21,1.85,0.59,DETECT_ARRIVAL
17:47:16.738,45.06,20,1.88,0.63,DETECT_ARRIVAL
17:47:16.769,29.09,31,0.00,0.00,DETECT_ARRIVAL
17:47:16.817,46.09,20,0.00,0.00,DETECT_ARRIVAL
17:47:16.864,44.95,21,0.00,0.00,DETECT_ARRIVAL
17:47:16.899,31.32,28,0.00,0.00,DETECT_ARRIVAL
17:47:16.948,46.19,20,0.00,0.00,DETECT_ARRIVAL
17:47:16.994,44.77,21,0.00,0.00,DETECT_ARRIVAL
17:47:17.026,28.74,31,0.00,0.00,DETECT_ARRIVAL
17:47:17.074,45.87,20,0.00,0.00,DETECT_ARRIVAL
17:47:17.122,45.40,21,0.00,0.00,DETECT_ARRIVAL
17:47:17.157,34.16,27,0.00,0.00,DETECT_ARRIVAL
17:47:17.202,42.25,22,0.00,0.00,DETECT_ARRIVAL
17:47:17.249,43.68,21,0.00,0.00,DETECT_ARRIVAL
17:47:17.282,31.33,30,0.00,0.00,DETECT_ARRIVAL
17:47:17.329,43.82,21,0.00,0.00,DETECT_ARRIVAL
17:47:17.380,48.90,19,0.00,0.00,DETECT_ARRIVAL
17:47:17.411,28.49,32,0.00,0.00,DETECT_ARRIVAL
17:47:17.457,42.34,22,0.00,0.00,DETECT_ARRIVAL
17:47:17.504,44.74,21,0.00,0.00,DETECT_ARRIVAL
17:47:17.538,30.84,29,0.00,0.00,DETECT_ARRIVAL
17:47:17.586,44.77,20,0.00,0.00,DETECT_ARRIVAL
17:47:17.634,46.42,20,0.00,0.00,DETECT_ARRIVAL
17:47:17.682,45.27,20,0.00,0.00,DETECT_ARRIVAL
17:47:17.714,30.27,31,0.00,0.00,DETECT_ARRIVAL
17:47:17.760,44.60,21,0.00,0.00,DETECT_ARRIVAL
17:47:17.807,44.76,21,0.00,0.00,DETECT_ARRIVAL
17:47:17.840,30.73,30,0.00,0.00,DETECT_ARRIVAL
17:47:17.888,45.23,20,0.00,0.00,DETECT_ARRIVAL
17:47:17.937,46.34,20,0.00,0.00,DETECT_ARRIVAL
17:47:17.969,28.72,31,0.00,0.00,DETECT_ARRIVAL
17:47:18.017,45.71,20,0.00,0.00,DETECT_ARRIVAL
17:47:18.066,46.22,20,0.00,0.00,DETECT_ARRIVAL
17:47:18.100,31.56,29,0.00,0.00,DETECT_ARRIVAL
17:47:18.146,43.01,21,0.00,0.00,DETECT_ARRIVAL
17:47:18.197,49.21,19,0.00,0.00,DETECT_ARRIVAL
17:47:18.226,26.66,34,0.00,0.00,DETECT_ARRIVAL
17:47:18.272,43.54,21,0.00,0.00,DETECT_ARRIVAL
17:47:18.319,45.36,21,0.00,0.00,DETECT_ARRIVAL
17:47:18.369,47.49,20,0.00,0.00,DETECT_ARRIVAL
17:47:18.399,27.78,33,0.00,0.00,DETECT_ARRIVAL
17:47:18.449,47.23,20,0.00,0.00,DETECT_ARRIVAL
17:47:18.496,46.07,20,0.00,0.00,DETECT_ARRIVAL
17:47:18.528,28.96,32,0.00,0.00,DETECT_ARRIVAL
17:47:18.576,46.08,20,0.00,0.00,DETECT_ARRIVAL
17:47:18.623,45.47,21,0.00,0.00,DETECT_ARRIVAL
17:47:18.657,30.94,29,0.00,0.00,DETECT_ARRIVAL
17:47:18.706,45.81,20,0.00,0.00,DETECT_ARRIVAL
17:47:18.755,46.94,20,0.00,0.00,DETECT_ARRIVAL
17:47:18.784,27.43,33,0.00,0.00,DETECT_ARRIVAL
17:47:18.832,46.03,20,0.00,0.00,DETECT_ARRIVAL
17:47:18.882,46.16,20,0.00,0.00,DETECT_ARRIVAL
17:47:18.913,28.67,31,0.00,0.00,DETECT_ARRIVAL
17:47:18.960,44.56,21,0.00,0.00,DETECT_ARRIVAL
17:47:19.007,44.53,21,0.00,0.00,DETECT_ARRIVAL
17:47:19.041,30.49,29,0.00,0.00,DETECT_ARRIVAL
17:47:19.087,44.09,21,0.00,0.00,DETECT_ARRIVAL
17:47:19.136,46.73,20,0.00,0.00,DETECT_ARRIVAL
17:47:19.168,29.25,31,0.00,0.00,DETECT_ARRIVAL
17:47:19.217,47.49,20,0.00,0.00,DETECT_ARRIVAL
17:47:19.265,45.66,20,0.00,0.00,DETECT_ARRIVAL
17:47:19.313,46.29,20,0.00,0.00,DETECT_ARRIVAL
17:47:19.345,28.94,31,0.00,0.00,DETECT_ARRIVAL
17:47:19.396,47.68,19,0.00,0.00,DETECT_ARRIVAL
17:47:19.442,44.89,21,0.00,0.00,DETECT_ARRIVAL
17:47:19.473,27.25,32,0.00,0.00,DETECT_ARRIVAL
17:47:19.519,43.66,21,0.00,0.00,DETECT_ARRIVAL
17:47:19.569,47.81,19,0.00,0.00,DETECT_ARRIVAL
17:47:19.601,29.72,31,0.00,0.00,DETECT_ARRIVAL
17:47:19.648,44.61,21,0.00,0.00,DETECT_ARRIVAL
17:47:19.697,45.63,20,0.00,0.00,DETECT_ARRIVAL
17:47:19.729,30.26,31,0.00,0.00,DETECT_ARRIVAL
17:47:19.778,46.32,20,0.00,0.00,DETECT_ARRIVAL
17:47:19.824,44.37,21,0.00,0.00,DETECT_ARRIVAL
17:47:19.857,30.38,30,0.00,0.00,DETECT_ARRIVAL
17:47:19.903,44.90,21,0.00,0.00,DETECT_ARRIVAL
17:47:19.952,46.37,20,0.00,0.00,DETECT_ARRIVAL
17:47:20.000,45.01,20,0.00,0.00,DETECT_ARRIVAL
17:47:20.033,30.47,30,0.00,0.00,DETECT_ARRIVAL
17:47:20.080,44.89,21,0.00,0.00,DETECT_ARRIVAL
17:47:20.129,46.57,20,0.00,0.00,DETECT_ARRIVAL
17:47:20.160,28.90,31,0.00,0.00,DETECT_ARRIVAL
17:47:20.208,46.05,21,0.00,0.00,DETECT_ARRIVAL
17:47:20.257,45.78,20,0.00,0.00,DETECT_ARRIVAL
17:47:20.288,28.77,31,0.00,0.00,DETECT_ARRIVAL
17:47:20.337,46.64,20,0.00,0.00,DETECT_ARRIVAL
17:47:20.384,44.36,21,0.00,0.00,DETECT_ARRIVAL
17:47:20.417,30.70,30,0.00,0.00,DETECT_ARRIVAL
17:47:20.464,45.52,21,0.00,0.00,DETECT_ARRIVAL
17:47:20.511,44.41,21,0.00,0.00,DETECT_ARRIVAL
17:47:20.544,29.55,30,0.00,0.00,DETECT_ARRIVAL
17:47:20.591,44.94,21,0.00,0.00,DETECT_ARRIVAL
17:47:20.640,46.15,20,0.00,0.00,DETECT_ARRIVAL
17:47:20.688,44.86,21,0.00,0.00,DETECT_ARRIVAL
17:47:20.720,28.22,31,0.00,0.00,DETECT_ARRIVAL
17:47:20.768,46.67,20,0.00,0.00,DETECT_ARRIVAL
17:47:20.800,30.26,30,0.00,0.00,DETECT_ARRIVAL
17:47:20.847,44.32,21,0.00,0.00,DETECT_ARRIVAL
17:47:20.897,47.17,19,0.00,0.00,DETECT_ARRIVAL
17:47:20.945,46.79,20,0.00,0.00,DETECT_ARRIVAL
17:47:20.977,29.29,31,0.00,0.00,DETECT_ARRIVAL
17:47:21.024,45.55,21,0.00,0.00,DETECT_ARRIVAL
17:47:21.071,44.05,21,0.00,0.00,DETECT_ARRIVAL
17:47:21.104,30.18,30,0.00,0.00,DETECT_ARRIVAL
17:47:21.153,46.16,20,0.00,0.00,DETECT_ARRIVAL
17:47:21.200,44.30,21,0.00,0.00,DETECT_ARRIVAL
17:47:21.233,30.09,30,0.00,0.00,DETECT_ARRIVAL
17:47:21.280,43.98,21,0.00,0.00,DETECT_ARRIVAL
17:47:21.329,46.19,20,0.00,0.00,DETECT_ARRIVAL
17:47:21.362,30.85,30,0.00,0.00,DETECT_ARRIVAL
17:47:21.410,45.35,20,0.00,0.00,DETECT_ARRIVAL
17:47:21.455,43.71,22,0.00,0.00,DETECT_ARRIVAL
17:47:21.486,28.32,32,0.00,0.00,DETECT_ARRIVAL
17:47:21.536,46.86,20,0.00,0.00,DETECT_ARRIVAL
17:47:21.584,46.48,20,0.00,0.00,DETECT_ARRIVAL
17:47:21.632,45.56,20,0.00,0.00,DETECT_ARRIVAL
17:47:21.664,29.63,31,0.00,0.00,DETECT_ARRIVAL
17:47:21.713,45.63,20,0.00,0.00,DETECT_ARRIVAL
17:47:21.762,45.73,20,0.00,0.00,DETECT_ARRIVAL
17:47:21.793,28.85,31,0.00,0.00,DETECT_ARRIVAL
17:47:21.840,45.02,21,1.91,0.93,DETECT_ARRIVAL
17:47:21.888,44.60,21,1.95,0.95,DETECT_ARRIVAL
17:47:21.920,30.43,30,1.99,0.95,DETECT_ARRIVAL
17:47:21.970,46.42,20,1.94,0.95,DETECT_ARRIVAL
17:47:22.018,45.32,20,1.91,0.95,DETECT_ARRIVAL
17:47:22.049,29.46,32,1.88,0.94,DETECT_ARRIVAL
17:47:22.097,45.47,20,1.85,0.93,DETECT_ARRIVAL
17:47:22.144,45.70,21,1.84,0.95,DETECT_ARRIVAL
17:47:22.177,29.43,30,1.84,0.94,DETECT_ARRIVAL
17:47:22.224,44.80,21,1.85,0.94,DETECT_ARRIVAL
17:47:22.274,47.50,20,1.87,0.93,DETECT_ARRIVAL
17:47:22.322,45.94,20,1.89,0.92,DETECT_ARRIVAL
17:47:22.353,28.06,31,1.90,0.92,DETECT_ARRIVAL
17:47:22.401,46.21,20,1.92,0.91,DETECT_ARRIVAL
17:47:22.433,29.82,31,1.93,0.93,DETECT_ARRIVAL
17:47:22.482,45.80,20,1.94,0.93,DETECT_ARRIVAL
17:47:22.529,44.22,21,1.95,0.91,DETECT_ARRIVAL
17:47:22.578,46.55,20,1.96,0.91,DETECT_ARRIVAL
17:47:22.609,29.90,32,1.97,0.92,DETECT_ARRIVAL
17:47:22.656,44.68,21,1.98,0.92,DETECT_ARRIVAL
17:47:22.703,45.05,21,1.99,0.90,DETECT_ARRIVAL
17:47:22.736,30.80,30,2.01,0.90,DETECT_ARRIVAL
17:47:22.784,46.43,20,2.02,0.91,DETECT_ARRIVAL
17:47:22.834,45.68,20,2.04,0.90,DETECT_ARRIVAL
17:47:22.866,30.25,31,2.06,0.92,DETECT_ARRIVAL
17:47:22.913,44.83,21,2.08,0.93,DETECT_ARRIVAL
17:47:22.960,46.01,21,2.11,0.94,DETECT_ARRIVAL
17:47:22.994,31.18,28,2.13,0.94,DETECT_ARRIVAL
17:47:23.040,44.21,21,2.15,0.93,DETECT_ARRIVAL
17:47:23.088,44.72,20,2.17,0.94,DETECT_ARRIVAL
17:47:23.121,30.38,30,2.19,0.93,DETECT_ARRIVAL
17:47:23.170,46.52,20,2.20,0.93,DETECT_ARRIVAL
17:47:23.217,45.06,21,2.22,0.92,DETECT_ARRIVAL
17:47:23.264,45.88,20,2.24,0.92,DETECT_ARRIVAL
17:47:23.298,30.22,29,2.26,0.92,DETECT_ARRIVAL
17:47:23.347,47.67,20,2.28,0.93,DETECT_ARRIVAL
17:47:23.395,45.65,20,2.30,0.92,DETECT_ARRIVAL
17:47:23.426,28.29,31,2.32,0.92,DETECT_ARRIVAL
17:47:23.472,43.36,22,2.35,0.92,DETECT_ARRIVAL
17:47:23.520,45.03,20,2.37,0.92,DETECT_ARRIVAL
17:47:23.553,31.44,30,2.41,0.91,DETECT_ARRIVAL
17:47:23.600,45.02,21,2.44,0.90,DETECT_ARRIVAL
17:47:23.650,46.18,20,2.47,0.91,DETECT_ARRIVAL
17:47:23.682,28.41,31,2.49,0.90,DETECT_ARRIVAL
17:47:23.728,44.85,21,2.52,0.90,DETECT_ARRIVAL
17:47:23.776,45.79,20,2.54,0.90,DETECT_ARRIVAL
17:47:23.808,29.93,31,2.56,0.90,DETECT_ARRIVAL
17:47:23.857,46.83,20,2.58,0.90,DETECT_ARRIVAL
17:47:23.904,44.25,21,2.60,0.91,DETECT_ARRIVAL
17:47:23.952,45.68,20,2.63,0.88,DETECT_ARRIVAL
17:47:23.986,31.77,29,2.66,0.87,DETECT_ARRIVAL
17:47:24.034,45.27,20,2.70,0.85,DETECT_ARRIVAL
17:47:24.080,45.63,21,2.74,0.88,DETECT_ARRIVAL
17:47:24.114,31.03,29,2.78,0.86,DETECT_ARRIVAL
17:47:24.161,44.74,21,2.82,0.85,DETECT_ARRIVAL
17:47:24.208,45.05,21,2.88,0.86,DETECT_ARRIVAL
17:47:24.241,29.71,30,2.93,0.78,DETECT_ARRIVAL
17:47:24.290,46.22,20,3.00,0.82,DETECT_ARRIVAL
17:47:24.336,43.25,21,3.06,0.84,DETECT_ARRIVAL
17:47:24.373,33.99,26,3.10,0.78,DETECT_ARRIVAL
17:47:24.418,42.49,22,3.14,0.84,DETECT_ARRIVAL
17:47:24.464,45.19,21,3.18,0.84,DETECT_ARRIVAL
17:47:24.497,29.79,30,3.22,0.85,DETECT_ARRIVAL
17:47:24.544,45.14,21,3.24,0.84,DETECT_ARRIVAL
17:47:24.593,45.53,20,3.27,0.86,DETECT_ARRIVAL
17:47:24.625,28.78,31,3.29,0.86,DETECT_ARRIVAL
17:47:24.671,44.94,21,3.30,0.85,DETECT_ARRIVAL
17:47:24.720,45.77,20,3.30,0.85,DETECT_ARRIVAL
17:47:24.753,30.10,30,3.30,0.86,DETECT_ARRIVAL
17:47:24.801,46.08,20,3.32,0.88,DETECT_ARRIVAL
17:47:24.849,46.21,20,3.33,0.86,DETECT_ARRIVAL
17:47:24.898,46.38,20,3.35,0.86,DETECT_ARRIVAL
17:47:24.928,27.69,33,3.38,0.87,DETECT_ARRIVAL
17:47:24.976,45.90,20,3.41,0.88,DETECT_ARRIVAL
17:47:25.023,45.05,20,3.45,0.88,DETECT_ARRIVAL
17:47:25.057,30.71,29,3.50,0.88,DETECT_ARRIVAL
17:47:25.105,45.51,21,3.55,0.88,DETECT_ARRIVAL
17:47:25.153,45.94,20,3.59,0.88,DETECT_ARRIVAL
17:47:25.186,30.22,30,3.63,0.84,DETECT_ARRIVAL
17:47:25.233,45.12,21,3.67,0.83,DETECT_ARRIVAL
17:47:25.281,45.02,21,3.69,0.87,DETECT_ARRIVAL
17:47:25.315,31.78,29,3.71,0.85,DETECT_ARRIVAL
17:47:25.363,45.51,20,3.72,0.88,DETECT_ARRIVAL
17:47:25.412,48.20,20,3.72,0.84,DETECT_ARRIVAL
17:47:25.442,27.00,33,3.71,0.84,DETECT_ARRIVAL
17:47:25.489,44.09,21,3.70,0.85,DETECT_ARRIVAL
17:47:25.537,46.37,20,3.68,0.85,DETECT_ARRIVAL
17:47:25.586,46.17,20,3.67,0.85,DETECT_ARRIVAL
17:47:25.618,29.18,31,3.66,0.86,DETECT_ARRIVAL
17:47:25.666,45.74,20,3.66,0.87,DETECT_ARRIVAL
17:47:25.715,46.58,20,3.65,0.88,DETECT_ARRIVAL
17:47:25.746,29.39,31,3.64,0.88,DETECT_ARRIVAL
17:47:25.795,47.01,20,3.64,0.86,DETECT_ARRIVAL
17:47:25.840,43.32,22,3.64,0.87,DETECT_ARRIVAL
17:47:25.873,30.50,30,3.64,0.88,DETECT_ARRIVAL
17:47:25.920,43.58,21,3.64,0.89,DETECT_ARRIVAL
17:47:25.970,47.65,19,3.65,0.90,DETECT_ARRIVAL
17:47:26.002,29.49,31,3.65,0.89,DETECT_ARRIVAL
17:47:26.049,44.01,21,3.65,0.89,DETECT_ARRIVAL
17:47:26.098,45.39,20,3.64,0.89,DETECT_ARRIVAL
17:47:26.129,29.91,31,3.64,0.87,DETECT_ARRIVAL
17:47:26.178,46.80,20,3.65,0.89,DETECT_ARRIVAL
17:47:26.227,46.27,20,3.65,0.87,DETECT_ARRIVAL
17:47:26.257,28.15,32,3.64,0.88,DETECT_ARRIVAL
17:47:26.306,46.14,20,3.65,0.87,DETECT_ARRIVAL
17:47:26.354,45.76,20,3.64,0.88,DETECT_ARRIVAL
17:47:26.386,30.28,31,3.64,0.88,DETECT_ARRIVAL
17:47:26.434,45.87,20,3.65,0.88,DETECT_ARRIVAL
17:47:26.482,44.37,21,3.65,0.86,DETECT_ARRIVAL
17:47:26.530,45.54,20,3.65,0.87,DETECT_ARRIVAL
17:47:26.562,29.88,31,3.65,0.87,DETECT_ARRIVAL
17:47:26.609,44.48,21,3.64,0.87,DETECT_ARRIVAL
17:47:26.659,47.01,20,3.63,0.89,DETECT_ARRIVAL
17:47:26.688,25.69,34,3.61,0.89,DETECT_ARRIVAL
17:47:26.736,45.91,20,3.58,0.80,DETECT_ARRIVAL
17:47:26.784,46.55,20,3.55,0.87,DETECT_ARRIVAL
17:47:26.817,30.11,30,3.50,0.89,DETECT_ARRIVAL
17:47:26.865,45.73,20,3.45,0.90,DETECT_ARRIVAL
17:47:26.914,46.53,20,3.39,0.91,DETECT_ARRIVAL
17:47:26.946,29.18,31,3.32,0.90,DETECT_ARRIVAL
17:47:26.993,44.85,21,3.25,0.90,DETECT_ARRIVAL
17:47:27.041,45.47,20,3.16,0.89,DETECT_ARRIVAL
17:47:27.073,28.63,32,3.07,0.89,DETECT_ARRIVAL
17:47:27.121,45.50,20,2.98,0.90,DETECT_ARRIVAL
17:47:27.169,46.13,20,2.91,0.90,DETECT_ARRIVAL
17:47:27.218,45.78,20,2.83,0.92,DETECT_ARRIVAL
17:47:27.249,28.26,32,2.76,0.91,DETECT_ARRIVAL
17:47:27.299,46.98,19,2.70,0.93,DETECT_ARRIVAL
17:47:27.346,44.86,21,2.64,0.93,DETECT_ARRIVAL
17:47:27.379,30.66,30,2.59,0.93,DETECT_ARRIVAL
17:47:27.426,44.47,21,2.55,0.92,DETECT_ARRIVAL
17:47:27.477,49.31,19,2.52,0.93,DETECT_ARRIVAL
17:47:27.503,24.25,37,2.50,0.93,DETECT_ARRIVAL
17:47:27.553,47.37,20,2.48,0.94,DETECT_ARRIVAL
17:47:27.601,45.88,20,2.46,0.94,DETECT_ARRIVAL
17:47:27.634,30.09,30,2.44,0.94,DETECT_ARRIVAL
17:47:27.680,43.82,21,2.43,0.94,DETECT_ARRIVAL
17:47:27.730,46.46,20,2.41,0.94,DETECT_ARRIVAL
17:47:27.761,29.93,31,2.40,0.94,DETECT_ARRIVAL
17:47:27.808,43.62,21,2.39,0.94,DETECT_ARRIVAL
17:47:27.857,46.22,20,2.37,0.95,DETECT_ARRIVAL
17:47:27.905,45.04,21,2.36,0.94,DETECT_ARRIVAL
17:47:27.937,30.05,30,2.35,0.94,DETECT_ARRIVAL
17:47:27.985,44.91,20,2.34,0.94,DETECT_ARRIVAL
17:47:28.016,29.12,32,2.33,0.94,DETECT_ARRIVAL
17:47:28.065,45.97,20,2.32,0.94,DETECT_ARRIVAL
17:47:28.113,46.43,20,2.31,0.93,DETECT_ARRIVAL
17:47:28.160,46.02,21,2.30,0.94,DETECT_ARRIVAL
17:47:28.193,30.46,30,2.29,0.93,DETECT_ARRIVAL
17:47:28.241,45.63,20,2.28,0.94,DETECT_ARRIVAL
17:47:28.287,43.09,21,2.27,0.94,DETECT_ARRIVAL
17:47:28.320,30.78,29,2.26,0.94,DETECT_ARRIVAL
17:47:28.367,44.45,21,2.25,0.94,DETECT_ARRIVAL
17:47:28.416,46.42,20,2.23,0.94,DETECT_ARRIVAL
17:47:28.448,30.51,31,2.22,0.95,DETECT_ARRIVAL
17:47:28.498,46.16,20,2.20,0.94,DETECT_ARRIVAL
17:47:28.545,44.47,21,2.18,0.94,DETECT_ARRIVAL
17:47:28.577,29.16,31,2.16,0.93,DETECT_ARRIVAL
17:47:28.625,46.32,20,2.13,0.93,DETECT_ARRIVAL
17:47:28.672,44.68,21,2.11,0.93,DETECT_ARRIVAL
17:47:28.704,30.14,31,2.09,0.94,DETECT_ARRIVAL
17:47:28.752,46.08,20,2.06,0.93,DETECT_ARRIVAL
17:47:28.800,45.23,20,2.04,0.93,DETECT_ARRIVAL
17:47:28.847,45.22,21,2.02,0.93,DETECT_ARRIVAL
17:47:28.881,31.30,29,2.00,0.93,DETECT_ARRIVAL
17:47:28.930,45.87,20,1.98,0.92,DETECT_ARRIVAL
17:47:28.978,44.83,20,1.97,0.93,DETECT_ARRIVAL
17:47:29.009,28.91,31,1.95,0.93,DETECT_ARRIVAL
17:47:29.057,45.38,20,1.94,0.94,DETECT_ARRIVAL
17:47:29.104,46.15,21,1.93,0.93,DETECT_ARRIVAL
17:47:29.136,29.20,31,1.91,0.91,DETECT_ARRIVAL
17:47:29.185,46.24,20,1.90,0.92,DETECT_ARRIVAL
17:47:29.232,44.90,21,1.89,0.91,DETECT_ARRIVAL
17:47:29.266,32.02,29,1.89,0.91,DETECT_ARRIVAL
17:47:29.314,46.24,20,1.88,0.91,DETECT_ARRIVAL
17:47:29.361,45.55,20,1.88,0.91,DETECT_ARRIVAL
17:47:29.395,31.68,29,1.87,0.91,DETECT_ARRIVAL
17:47:29.442,43.22,21,1.87,0.91,DETECT_ARRIVAL
17:47:29.489,44.70,21,1.87,0.91,DETECT_ARRIVAL
17:47:29.538,46.57,20,1.86,0.91,DETECT_ARRIVAL
17:47:29.570,30.91,30,1.86,0.91,DETECT_ARRIVAL
17:47:29.617,44.14,21,1.86,0.91,DETECT_ARRIVAL
17:47:29.666,46.70,20,1.86,0.91,DETECT_ARRIVAL
17:47:29.698,29.65,31,1.85,0.91,DETECT_ARRIVAL
17:47:29.746,45.61,20,1.85,0.91,DETECT_ARRIVAL
17:47:29.794,45.60,20,1.85,0.89,DETECT_ARRIVAL
17:47:29.824,28.07,32,1.84,0.89,DETECT_ARRIVAL
17:47:29.874,47.15,20,1.84,0.87,DETECT_ARRIVAL
17:47:29.921,44.07,21,1.84,0.88,DETECT_ARRIVAL
17:47:29.955,31.11,29,1.84,0.87,DETECT_ARRIVAL
17:47:30.002,45.67,21,1.84,0.88,DETECT_ARRIVAL
17:47:30.050,44.92,20,1.84,0.87,DETECT_ARRIVAL
17:47:30.082,28.53,31,1.84,0.87,DETECT_ARRIVAL
17:47:30.129,45.51,21,1.84,0.85,DETECT_ARRIVAL
17:47:30.181,49.37,19,1.83,0.89,DETECT_ARRIVAL
17:47:30.209,26.40,35,1.83,0.89,DETECT_ARRIVAL
17:47:30.260,47.68,19,1.83,0.88,DETECT_ARRIVAL
17:47:30.307,44.67,21,1.82,0.87,DETECT_ARRIVAL
17:47:30.340,30.61,29,1.82,0.85,DETECT_ARRIVAL
17:47:30.386,43.83,21,1.81,0.85,DETECT_ARRIVAL
17:47:30.434,45.10,20,1.80,0.84,DETECT_ARRIVAL
17:47:30.482,45.65,20,1.80,0.87,DETECT_ARRIVAL
17:47:30.513,28.41,31,1.79,0.85,DETECT_ARRIVAL
17:47:30.562,48.23,20,1.79,0.88,DETECT_ARRIVAL
17:47:30.608,42.49,22,1.79,0.88,DETECT_ARRIVAL
17:47:30.640,30.89,30,1.78,0.89,DETECT_ARRIVAL
17:47:30.687,43.98,21,1.78,0.88,DETECT_ARRIVAL
17:47:30.736,46.56,20,1.78,0.88,DETECT_ARRIVAL
17:47:30.770,31.11,29,1.78,0.87,DETECT_ARRIVAL
17:47:30.817,45.30,21,1.77,0.87,DETECT_ARRIVAL
17:47:30.867,47.12,20,1.77,0.88,DETECT_ARRIVAL
17:47:30.898,28.04,32,1.77,0.88,DETECT_ARRIVAL
17:47:30.946,45.47,20,1.78,0.87,DETECT_ARRIVAL
17:47:30.994,44.57,20,1.77,0.88,DETECT_ARRIVAL
17:47:31.026,29.63,31,1.77,0.89,DETECT_ARRIVAL
17:47:31.074,45.55,20,1.77,0.88,DETECT_ARRIVAL
17:47:31.120,44.77,21,1.77,0.88,DETECT_ARRIVAL
17:47:31.169,46.62,20,1.77,0.86,DETECT_ARRIVAL
17:47:31.201,29.34,31,1.76,0.90,DETECT_ARRIVAL
17:47:31.248,44.80,21,1.76,0.89,DETECT_ARRIVAL
17:47:31.297,46.07,20,1.76,0.90,DETECT_ARRIVAL
17:47:31.330,30.05,30,1.76,0.89,DETECT_ARRIVAL
17:47:31.378,45.14,20,1.76,0.88,DETECT_ARRIVAL
17:47:31.427,46.65,20,1.76,0.87,DETECT_ARRIVAL
17:47:31.457,27.90,32,1.76,0.86,DETECT_ARRIVAL
17:47:31.505,44.26,21,1.76,0.87,DETECT_ARRIVAL
17:47:31.553,45.79,20,1.76,0.86,DETECT_ARRIVAL
17:47:31.588,33.50,28,1.76,0.87,DETECT_ARRIVAL
17:47:31.632,42.25,22,1.76,0.86,DETECT_ARRIVAL
17:47:31.681,45.44,20,1.76,0.88,DETECT_ARRIVAL
17:47:31.713,29.33,30,1.76,0.86,DETECT_ARRIVAL
17:47:31.762,46.17,20,1.77,0.88,DETECT_ARRIVAL
17:47:31.809,44.79,21,1.77,0.88,DETECT_ARRIVAL
17:47:31.841,29.13,30,1.76,0.88,DETECT_ARRIVAL
17:47:31.887,43.35,21,1.77,0.87,DETECT_ARRIVAL
17:47:31.936,46.38,20,1.77,0.89,DETECT_ARRIVAL
17:47:31.970,31.94,29,1.76,0.88,DETECT_ARRIVAL
17:47:32.017,44.89,21,1.76,0.89,DETECT_ARRIVAL
17:47:32.065,45.30,21,1.76,0.89,DETECT_ARRIVAL
17:47:32.112,44.70,20,1.75,0.87,DETECT_ARRIVAL
17:47:32.145,29.81,31,1.75,0.87,DETECT_ARRIVAL
17:47:32.192,46.38,21,1.74,0.89,DETECT_ARRIVAL
17:47:32.240,45.50,20,1.73,0.88,DETECT_ARRIVAL
17:47:32.272,29.13,31,1.72,0.87,DETECT_ARRIVAL
17:47:32.319,44.00,21,1.72,0.89,DETECT_ARRIVAL
17:47:32.369,46.45,19,1.71,0.86,DETECT_ARRIVAL
17:47:32.401,30.74,31,1.71,0.87,DETECT_ARRIVAL
17:47:32.448,44.99,21,1.70,0.87,DETECT_ARRIVAL
17:47:32.496,45.39,20,1.70,0.86,DETECT_ARRIVAL
17:47:32.528,29.57,30,1.69,0.86,DETECT_ARRIVAL
17:47:32.576,45.75,20,1.69,0.87,DETECT_ARRIVAL
17:47:32.627,48.02,19,1.68,0.86,DETECT_ARRIVAL
17:47:32.656,26.31,34,1.67,0.84,DETECT_ARRIVAL
17:47:32.705,45.74,20,1.67,0.86,DETECT_ARRIVAL
17:47:32.752,45.52,21,1.66,0.88,DETECT_ARRIVAL
17:47:32.800,44.70,20,1.66,0.87,DETECT_ARRIVAL
17:47:32.833,30.74,30,1.65,0.87,DETECT_ARRIVAL
17:47:32.881,46.33,20,1.65,0.86,DETECT_ARRIVAL
17:47:32.928,44.90,21,1.64,0.87,DETECT_ARRIVAL
17:47:32.961,30.65,30,1.64,0.88,DETECT_ARRIVAL
17:47:33.009,44.69,20,1.64,0.87,DETECT_ARRIVAL
17:47:33.057,45.24,20,1.63,0.88,DETECT_ARRIVAL
17:47:33.088,28.97,32,1.63,0.84,DETECT_ARRIVAL
17:47:33.136,46.15,20,1.63,0.88,DETECT_ARRIVAL
17:47:33.185,45.76,20,1.62,0.88,DETECT_ARRIVAL
17:47:33.217,30.42,31,1.62,0.86,DETECT_ARRIVAL
17:47:33.265,44.83,20,1.62,0.87,DETECT_ARRIVAL
17:47:33.314,46.83,20,1.62,0.88,DETECT_ARRIVAL
17:47:33.346,29.35,30,1.62,0.87,DETECT_ARRIVAL
17:47:33.398,50.97,19,1.61,0.89,DETECT_ARRIVAL
17:47:33.441,39.13,23,1.61,0.91,DETECT_ARRIVAL
17:47:33.473,30.57,30,1.61,0.89,DETECT_ARRIVAL
17:47:33.520,43.38,21,1.60,0.91,DETECT_ARRIVAL
17:47:33.569,45.45,20,1.60,0.88,DETECT_ARRIVAL
17:47:33.602,31.04,30,1.60,0.88,DETECT_ARRIVAL
17:47:33.651,47.45,20,1.59,0.88,DETECT_ARRIVAL
17:47:33.697,43.08,21,1.59,0.89,DETECT_ARRIVAL
17:47:33.745,45.51,20,1.58,0.91,DETECT_ARRIVAL
17:47:33.778,30.20,30,1.58,0.91,DETECT_ARRIVAL
17:47:33.825,44.82,21,1.57,0.92,DETECT_ARRIVAL
17:47:33.872,45.47,21,1.57,0.91,DETECT_ARRIVAL
17:47:33.904,29.60,31,1.56,0.90,DETECT_ARRIVAL
17:47:33.953,46.29,20,1.56,0.90,DETECT_ARRIVAL
17:47:34.000,46.59,20,1.55,0.91,DETECT_ARRIVAL
17:47:34.033,29.75,31,1.54,0.91,DETECT_ARRIVAL
17:47:34.080,44.66,21,1.54,0.91,DETECT_ARRIVAL
17:47:34.129,45.80,20,1.54,0.90,DETECT_ARRIVAL
17:47:34.161,29.88,31,1.53,0.90,DETECT_ARRIVAL
17:47:34.210,45.67,20,1.53,0.89,DETECT_ARRIVAL
17:47:34.257,44.98,21,1.53,0.89,DETECT_ARRIVAL
17:47:34.289,29.23,31,1.52,0.89,DETECT_ARRIVAL
17:47:34.337,44.98,20,1.52,0.89,DETECT_ARRIVAL
17:47:34.386,46.33,20,1.52,0.89,DETECT_ARRIVAL
17:47:34.433,44.19,21,1.51,0.91,DETECT_ARRIVAL
17:47:34.466,30.66,30,1.51,0.89,DETECT_ARRIVAL
17:47:34.513,45.40,21,1.51,0.90,DETECT_ARRIVAL
17:47:34.561,46.36,20,1.51,0.90,DETECT_ARRIVAL
17:47:34.594,29.44,31,1.50,0.89,DETECT_ARRIVAL
17:47:34.641,44.57,21,1.50,0.90,DETECT_ARRIVAL
17:47:34.691,48.85,19,1.50,0.90,DETECT_ARRIVAL
17:47:34.720,24.80,34,1.50,0.90,DETECT_ARRIVAL
17:47:34.769,46.12,20,1.50,0.90,DETECT_ARRIVAL
17:47:34.816,45.89,21,1.50,0.90,DETECT_ARRIVAL
17:47:34.849,31.11,30,1.50,0.89,WAITING_SERVER
17:47:34.898,45.26,20,1.49,0.90,WAITING_SERVER
17:47:34.945,44.29,20,1.49,0.90,WAITING_SERVER
17:47:34.978,30.57,30,1.49,0.90,WAITING_SERVER
17:47:35.025,44.91,21,1.49,0.90,WAITING_SERVER
17:47:35.071,43.42,21,1.49,0.90,WAITING_SERVER
17:47:35.120,46.77,20,1.49,0.89,WAITING_SERVER
17:47:35.152,29.00,31,1.49,0.89,WAITING_SERVER
17:47:35.200,45.83,20,1.49,0.89,WAITING_SERVER
17:47:35.233,30.90,30,1.49,0.89,WAITING_SERVER
17:47:35.280,44.52,21,1.49,0.88,WAITING_SERVER
17:47:35.328,45.61,21,1.49,0.89,WAITING_SERVER
17:47:35.377,44.32,20,1.48,0.89,WAITING_SERVER
17:47:35.411,31.73,29,1.48,0.89,WAITING_SERVER
17:47:35.457,43.32,21,1.48,0.89,WAITING_SERVER
17:47:35.506,45.33,20,1.48,0.90,WAITING_SERVER
17:47:35.536,28.21,32,1.48,0.89,WAITING_SERVER
17:47:35.586,48.26,20,1.48,0.88,WAITING_SERVER
17:47:35.633,43.94,21,1.47,0.88,WAITING_SERVER
17:47:35.665,29.25,31,1.47,0.89,WAITING_SERVER
17:47:52.220,73.21,0,0.00,0.00,DETECT_DEPARTURE
17:47:52.269,44.80,20,0.00,0.00,DETECT_DEPARTURE
17:47:52.294,22.52,39,0.00,0.00,DETECT_DEPARTURE
17:47:52.348,50.21,18,0.00,0.00,DETECT_DEPARTURE
17:47:52.386,36.47,25,0.00,0.00,DETECT_DEPARTURE
17:47:52.417,28.63,32,0.00,0.00,DETECT_DEPARTURE
17:47:52.468,47.12,19,0.00,0.00,DETECT_DEPARTURE
17:47:52.515,44.53,21,0.00,0.00,DETECT_DEPARTURE
17:47:52.544,26.43,34,0.00,0.00,DETECT_DEPARTURE
17:47:52.594,47.79,19,0.00,0.00,DETECT_DEPARTURE
17:47:52.641,44.20,21,0.00,0.00,DETECT_DEPARTURE
17:47:52.672,29.04,32,0.00,0.00,DETECT_DEPARTURE
17:47:52.721,46.14,20,0.00,0.00,DETECT_DEPARTURE
17:47:52.767,42.75,21,0.00,0.00,DETECT_DEPARTURE
17:47:52.814,45.82,21,0.00,0.00,DETECT_DEPARTURE
17:47:52.849,31.85,28,0.00,0.00,DETECT_DEPARTURE
17:47:52.899,47.36,20,0.00,0.00,DETECT_DEPARTURE
17:47:52.944,42.72,22,0.00,0.00,DETECT_DEPARTURE
17:47:52.980,33.93,27,0.00,0.00,DETECT_DEPARTURE
17:47:53.024,40.40,22,0.00,0.00,DETECT_DEPARTURE
17:47:53.075,48.01,19,0.00,0.00,DETECT_DEPARTURE
17:47:53.108,31.25,30,0.00,0.00,DETECT_DEPARTURE
17:47:53.156,45.99,20,0.00,0.00,DETECT_DEPARTURE
17:47:53.200,40.98,22,0.00,0.00,DETECT_DEPARTURE
17:47:53.231,26.92,32,0.00,0.00,DETECT_DEPARTURE
17:47:53.279,45.31,20,0.00,0.00,DETECT_DEPARTURE
17:47:53.328,46.51,20,0.00,0.00,DETECT_DEPARTURE
17:47:53.360,30.87,31,0.00,0.00,DETECT_DEPARTURE
17:47:53.410,45.65,20,0.00,0.00,DETECT_DEPARTURE
17:47:53.457,45.35,21,0.00,0.00,DETECT_DEPARTURE
17:47:53.487,27.46,33,0.00,0.00,DETECT_DEPARTURE
17:47:53.534,45.75,21,0.00,0.00,DETECT_DEPARTURE
17:47:53.583,46.63,20,0.00,0.00,DETECT_DEPARTURE
17:47:53.616,28.94,30,0.00,0.00,DETECT_DEPARTURE
17:47:53.664,46.37,20,0.00,0.00,DETECT_DEPARTURE
17:47:53.724,57.96,16,0.00,0.00,DETECT_DEPARTURE
17:47:53.769,41.92,22,0.00,0.00,DETECT_DEPARTURE
17:47:53.797,26.18,35,0.00,0.00,DETECT_DEPARTURE
17:47:53.844,45.26,21,0.00,0.00,DETECT_DEPARTURE
17:47:53.893,46.17,20,0.00,0.00,DETECT_DEPARTURE
17:47:53.921,25.01,36,0.00,0.00,DETECT_DEPARTURE
17:47:53.970,47.00,20,0.00,0.00,DETECT_DEPARTURE
17:47:54.020,46.94,19,0.00,0.00,DETECT_DEPARTURE
17:47:54.051,29.39,31,0.00,0.00,DETECT_DEPARTURE
17:47:54.097,42.09,21,0.00,0.00,DETECT_DEPARTURE
17:47:54.151,51.58,18,0.00,0.00,DETECT_DEPARTURE
17:47:54.182,28.49,32,0.00,0.00,DETECT_DEPARTURE
17:47:54.229,43.79,21,0.00,0.00,DETECT_DEPARTURE
17:47:54.279,47.97,19,0.00,0.00,DETECT_DEPARTURE
17:47:54.310,27.32,32,0.00,0.00,DETECT_DEPARTURE
17:47:54.358,46.25,20,0.00,0.00,DETECT_DEPARTURE
17:47:54.403,42.69,22,0.00,0.00,DETECT_DEPARTURE
17:47:54.433,27.51,33,0.00,0.00,DETECT_DEPARTURE
17:47:54.480,43.70,20,0.00,0.00,DETECT_DEPARTURE
17:47:54.530,46.85,20,0.00,0.00,DETECT_DEPARTURE
17:47:54.580,47.85,19,0.00,0.00,DETECT_DEPARTURE
17:47:54.610,26.76,34,0.00,0.00,DETECT_DEPARTURE
17:47:54.664,51.14,18,0.00,0.00,DETECT_DEPARTURE
17:47:54.704,37.00,25,0.00,0.00,DETECT_DEPARTURE
17:47:54.737,30.32,30,0.00,0.00,DETECT_DEPARTURE
17:47:54.786,47.57,20,0.00,0.00,DETECT_DEPARTURE
17:47:54.834,44.79,21,0.00,0.00,DETECT_DEPARTURE
17:47:54.864,27.63,32,0.00,0.00,DETECT_DEPARTURE
17:47:54.914,46.85,20,0.00,0.00,DETECT_DEPARTURE
17:47:54.961,44.79,21,0.00,0.00,DETECT_DEPARTURE
17:47:54.991,27.48,32,0.00,0.00,DETECT_DEPARTURE
17:47:55.038,44.26,21,0.00,0.00,DETECT_DEPARTURE
17:47:55.089,47.99,19,0.00,0.00,DETECT_DEPARTURE
17:47:55.120,28.20,32,0.00,0.00,DETECT_DEPARTURE
17:47:55.168,45.70,20,0.00,0.00,DETECT_DEPARTURE
17:47:55.219,48.46,19,0.00,0.00,DETECT_DEPARTURE
17:47:55.249,28.05,33,0.00,0.00,DETECT_DEPARTURE
17:47:55.294,42.83,22,0.00,0.00,DETECT_DEPARTURE
17:47:55.344,46.60,20,0.00,0.00,DETECT_DEPARTURE
17:47:55.393,44.18,20,0.00,0.00,DETECT_DEPARTURE
17:47:55.424,28.78,31,0.00,0.00,DETECT_DEPARTURE
17:47:55.470,42.60,22,0.00,0.00,DETECT_DEPARTURE
17:47:55.520,48.05,19,0.00,0.00,DETECT_DEPARTURE
17:47:55.551,28.61,32,0.00,0.00,DETECT_DEPARTURE
17:47:55.600,44.90,20,0.00,0.00,DETECT_DEPARTURE
17:47:55.646,43.32,21,0.00,0.00,DETECT_DEPARTURE
17:47:55.678,28.96,32,0.00,0.00,DETECT_DEPARTURE
17:47:55.728,48.36,19,0.00,0.00,DETECT_DEPARTURE
17:47:55.776,44.82,21,0.00,0.00,DETECT_DEPARTURE
17:47:55.808,29.42,31,0.00,0.00,DETECT_DEPARTURE
17:47:55.854,44.48,21,0.00,0.00,DETECT_DEPARTURE
17:47:55.901,44.62,21,0.00,0.00,DETECT_DEPARTURE
17:47:55.934,29.89,30,0.00,0.00,DETECT_DEPARTURE
17:47:55.983,46.54,20,0.00,0.00,DETECT_DEPARTURE
17:47:56.031,45.31,20,0.00,0.00,DETECT_DEPARTURE
17:47:56.062,28.64,31,0.00,0.00,DETECT_DEPARTURE
17:47:56.120,54.92,17,0.00,0.00,DETECT_DEPARTURE
17:47:56.163,38.77,23,0.00,0.00,DETECT_DEPARTURE
17:47:56.211,45.99,20,0.00,0.00,DETECT_DEPARTURE
17:47:56.241,26.15,33,0.00,0.00,DETECT_DEPARTURE
17:47:56.288,43.70,21,0.00,0.00,DETECT_DEPARTURE
17:47:56.337,46.86,20,0.00,0.00,DETECT_DEPARTURE
17:47:56.368,28.38,32,0.00,0.00,DETECT_DEPARTURE
17:47:56.418,47.06,20,0.00,0.00,DETECT_DEPARTURE
17:47:56.465,44.49,21,0.00,0.00,DETECT_DEPARTURE
17:47:56.499,32.03,29,0.00,0.00,DETECT_DEPARTURE
17:47:56.547,44.93,20,0.00,0.00,DETECT_DEPARTURE
17:47:56.597,46.99,20,0.00,0.00,DETECT_DEPARTURE
17:47:56.633,33.31,27,0.00,0.00,DETECT_DEPARTURE
17:47:56.677,42.22,22,0.00,0.00,DETECT_DEPARTURE
17:47:56.719,38.21,24,0.00,0.00,DETECT_DEPARTURE
17:47:56.751,30.76,30,0.00,0.00,DETECT_DEPARTURE
17:47:56.801,47.43,20,0.00,0.00,DETECT_DEPARTURE
17:47:56.849,45.34,20,0.00,0.00,DETECT_DEPARTURE
17:47:56.882,31.31,29,0.00,0.00,DETECT_DEPARTURE
17:47:56.926,37.38,22,0.00,0.00,DETECT_DEPARTURE
17:47:56.975,46.03,20,0.00,0.00,DETECT_DEPARTURE
17:47:57.022,45.25,20,0.00,0.00,DETECT_DEPARTURE
17:47:57.054,28.81,31,0.00,0.00,DETECT_DEPARTURE
17:47:57.102,45.81,20,0.00,0.00,DETECT_DEPARTURE
17:47:57.149,45.61,21,0.00,0.00,DETECT_DEPARTURE
17:47:57.184,31.93,28,0.00,0.00,DETECT_DEPARTURE
17:47:57.231,44.55,21,0.00,0.00,DETECT_DEPARTURE
17:47:57.279,45.31,20,0.00,0.00,DETECT_DEPARTURE
17:47:57.311,28.71,31,0.00,0.00,DETECT_DEPARTURE
17:47:57.359,45.62,21,0.00,0.00,DETECT_DEPARTURE
17:47:57.407,45.03,20,0.00,0.00,DETECT_DEPARTURE
17:47:57.442,32.17,28,0.00,0.00,DETECT_DEPARTURE
17:47:57.486,40.64,22,0.00,0.00,DETECT_DEPARTURE
17:47:57.536,47.79,20,0.00,0.00,DETECT_DEPARTURE
17:47:57.567,28.43,31,0.00,0.00,DETECT_DEPARTURE
17:47:57.617,47.26,20,0.00,0.00,DETECT_DEPARTURE
17:47:57.663,43.72,21,0.00,0.00,DETECT_DEPARTURE
17:47:57.710,45.12,21,0.00,0.00,DETECT_DEPARTURE
17:47:57.742,28.64,31,0.00,0.00,DETECT_DEPARTURE
17:47:57.793,48.49,19,0.00,0.00,DETECT_DEPARTURE
17:47:57.845,48.88,19,0.00,0.00,DETECT_DEPARTURE
17:47:57.880,31.82,28,0.00,0.00,DETECT_DEPARTURE
17:47:57.918,36.19,26,0.00,0.00,DETECT_DEPARTURE
17:47:57.966,45.67,20,0.00,0.00,DETECT_DEPARTURE
17:47:58.002,33.71,28,0.00,0.00,DETECT_DEPARTURE
17:47:58.045,40.14,22,0.00,0.00,DETECT_DEPARTURE
17:47:58.094,47.16,20,0.00,0.00,DETECT_DEPARTURE
17:47:58.125,29.40,32,0.00,0.00,DETECT_DEPARTURE
17:47:58.174,46.36,20,0.00,0.00,DETECT_DEPARTURE
17:47:58.222,45.91,21,0.00,0.00,DETECT_DEPARTURE
17:47:58.254,28.95,30,0.00,0.00,DETECT_DEPARTURE
17:47:58.301,45.10,21,0.00,0.00,DETECT_DEPARTURE
17:47:58.350,45.93,20,0.00,0.00,DETECT_DEPARTURE
17:47:58.391,38.65,24,0.00,0.00,DETECT_DEPARTURE
17:47:58.444,50.81,18,0.00,0.00,DETECT_DEPARTURE
17:47:58.486,39.22,23,0.00,0.00,DETECT_DEPARTURE
17:47:58.533,44.12,21,0.00,0.00,DETECT_DEPARTURE
17:47:58.569,34.05,28,0.00,0.00,DETECT_DEPARTURE
17:47:58.613,41.29,22,0.00,0.00,DETECT_DEPARTURE
17:47:58.654,29.98,24,0.00,0.00,DETECT_DEPARTURE
17:47:58.685,28.88,31,0.00,0.00,DETECT_DEPARTURE
17:47:58.735,48.05,20,0.00,0.00,DETECT_DEPARTURE
17:47:58.782,44.55,21,0.00,0.00,DETECT_DEPARTURE
17:47:58.816,30.45,29,0.00,0.00,DETECT_DEPARTURE
17:47:58.862,45.95,21,0.00,0.00,DETECT_DEPARTURE
17:47:58.911,44.45,20,0.00,0.00,DETECT_DEPARTURE
17:47:58.943,29.09,31,0.00,0.00,DETECT_DEPARTURE
17:47:58.991,45.71,20,0.00,0.00,DETECT_DEPARTURE
17:47:59.038,44.21,21,0.00,0.00,DETECT_DEPARTURE
17:47:59.070,29.58,31,0.00,0.00,DETECT_DEPARTURE
17:47:59.118,46.59,20,0.00,0.00,DETECT_DEPARTURE
17:47:59.167,45.50,20,0.00,0.00,DETECT_DEPARTURE
17:47:59.198,29.46,31,0.00,0.00,DETECT_DEPARTURE
17:47:59.247,46.16,20,0.00,0.00,DETECT_DEPARTURE
17:47:59.294,46.47,21,0.00,0.00,DETECT_DEPARTURE
17:47:59.344,46.40,20,0.00,0.00,DETECT_DEPARTURE
17:47:59.378,31.36,29,0.00,0.00,DETECT_DEPARTURE
17:47:59.422,41.44,22,0.00,0.00,DETECT_DEPARTURE
17:47:59.469,44.84,21,0.00,0.00,DETECT_DEPARTURE
17:47:59.502,29.36,30,0.00,0.00,DETECT_DEPARTURE
17:47:59.552,47.96,19,0.00,0.00,DETECT_DEPARTURE
17:47:59.598,43.45,21,0.00,0.00,DETECT_DEPARTURE
17:47:59.631,29.55,30,0.00,0.00,DETECT_DEPARTURE
17:47:59.678,45.71,21,0.00,0.00,DETECT_DEPARTURE
17:47:59.727,45.98,20,0.00,0.00,DETECT_DEPARTURE
17:47:59.759,30.54,31,0.00,0.00,DETECT_DEPARTURE
17:47:59.807,45.35,20,0.00,0.00,DETECT_DEPARTURE
17:47:59.854,44.35,21,0.00,0.00,DETECT_DEPARTURE
17:47:59.885,29.30,32,0.00,0.00,DETECT_DEPARTURE
17:47:59.935,46.19,20,0.00,0.00,DETECT_DEPARTURE
17:47:59.982,46.30,20,0.00,0.00,DETECT_DEPARTURE
17:48:00.033,47.13,19,0.00,0.00,DETECT_DEPARTURE
17:48:00.063,28.73,32,0.00,0.00,DETECT_DEPARTURE
17:48:00.111,45.49,21,0.00,0.00,DETECT_DEPARTURE
17:48:00.159,45.89,20,0.00,0.00,DETECT_DEPARTURE
17:48:00.191,29.36,31,0.00,0.00,DETECT_DEPARTURE
17:48:00.237,44.30,21,0.00,0.00,DETECT_DEPARTURE
17:48:00.285,46.12,20,0.00,0.00,DETECT_DEPARTURE
17:48:00.318,30.25,30,1.49,0.92,DETECT_DEPARTURE
17:48:00.365,45.33,21,1.50,0.92,DETECT_DEPARTURE
17:48:00.417,48.20,19,1.52,0.90,DETECT_DEPARTURE
17:48:00.447,27.60,32,1.53,0.89,DETECT_DEPARTURE
17:48:00.497,48.08,20,1.54,0.89,DETECT_DEPARTURE
17:48:00.544,44.71,21,1.56,0.86,DETECT_DEPARTURE
17:48:00.577,29.98,30,1.58,0.88,DETECT_DEPARTURE
17:48:00.624,45.01,21,1.59,0.87,DETECT_DEPARTURE
17:48:00.670,44.30,21,1.61,0.89,DETECT_DEPARTURE
17:48:00.705,31.97,28,1.63,0.88,DETECT_DEPARTURE
17:48:00.752,44.48,21,1.63,0.87,DETECT_DEPARTURE
17:48:00.800,45.59,20,1.64,0.88,DETECT_DEPARTURE
17:48:00.831,29.59,31,1.64,0.87,DETECT_DEPARTURE
17:48:00.879,44.74,20,1.64,0.86,DETECT_DEPARTURE
17:48:00.928,45.71,20,1.65,0.86,DETECT_DEPARTURE
17:48:00.975,45.67,21,1.64,0.86,DETECT_DEPARTURE
17:48:01.007,29.11,31,1.61,0.86,DETECT_DEPARTURE
17:48:01.056,45.81,20,1.62,0.84,DETECT_DEPARTURE
17:48:01.104,44.73,20,1.61,0.83,DETECT_DEPARTURE
17:48:01.135,29.46,31,1.58,0.86,DETECT_DEPARTURE
17:48:01.185,46.34,20,1.57,0.85,DETECT_DEPARTURE
17:48:01.233,47.08,20,1.55,0.85,DETECT_DEPARTURE
17:48:01.264,28.29,32,1.54,0.86,DETECT_DEPARTURE
17:48:01.313,46.70,20,1.53,0.87,DETECT_DEPARTURE
17:48:01.361,45.49,21,1.51,0.86,DETECT_DEPARTURE
17:48:01.394,30.16,29,1.51,0.90,DETECT_DEPARTURE
17:48:01.441,44.89,21,1.52,0.89,DETECT_DEPARTURE
17:48:01.487,43.04,21,1.50,0.89,DETECT_DEPARTURE
17:48:01.519,30.27,30,1.50,0.87,DETECT_DEPARTURE
17:48:01.568,46.70,20,1.53,0.88,DETECT_DEPARTURE
17:48:01.617,46.02,20,1.55,0.89,DETECT_DEPARTURE
17:48:01.664,44.78,21,1.58,0.91,DETECT_DEPARTURE
17:48:01.697,30.01,30,1.60,0.92,DETECT_DEPARTURE
17:48:01.746,47.22,20,1.63,0.92,DETECT_DEPARTURE
17:48:01.793,44.92,21,1.63,0.91,DETECT_DEPARTURE
17:48:01.824,30.41,31,1.66,0.91,DETECT_DEPARTURE
17:48:01.873,45.52,20,1.69,0.90,DETECT_DEPARTURE
17:48:01.920,45.07,21,1.72,0.90,DETECT_DEPARTURE
17:48:01.951,29.26,31,1.75,0.89,DETECT_DEPARTURE
17:48:02.000,46.10,20,1.76,0.89,DETECT_DEPARTURE
17:48:02.049,46.55,20,1.78,0.89,DETECT_DEPARTURE
17:48:02.081,29.80,31,1.79,0.89,DETECT_DEPARTURE
17:48:02.129,45.16,20,1.81,0.91,DETECT_DEPARTURE
17:48:02.177,46.01,20,1.83,0.91,DETECT_DEPARTURE
17:48:02.210,29.93,30,1.87,0.92,DETECT_DEPARTURE
17:48:02.258,45.29,20,1.89,0.92,DETECT_DEPARTURE
17:48:02.305,43.98,21,1.91,0.93,DETECT_DEPARTURE
17:48:02.352,45.23,21,1.92,0.92,DETECT_DEPARTURE
17:48:02.386,30.78,29,1.95,0.93,DETECT_DEPARTURE
17:48:02.433,45.62,21,1.97,0.91,DETECT_DEPARTURE
17:48:02.468,31.11,28,1.99,0.90,DETECT_DEPARTURE
17:48:02.513,43.26,21,2.01,0.92,DETECT_DEPARTURE
17:48:02.563,47.56,20,2.04,0.92,DETECT_DEPARTURE
17:48:02.609,43.38,21,2.06,0.93,DETECT_DEPARTURE
17:48:02.641,29.83,31,2.08,0.92,DETECT_DEPARTURE
17:48:02.688,44.01,21,2.10,0.93,DETECT_DEPARTURE
17:48:02.737,45.33,20,2.12,0.93,DETECT_DEPARTURE
17:48:02.771,32.57,29,2.14,0.92,DETECT_DEPARTURE
17:48:02.817,44.16,21,2.16,0.93,DETECT_DEPARTURE
17:48:02.867,47.33,20,2.17,0.93,DETECT_DEPARTURE
17:48:02.898,28.98,32,2.19,0.92,DETECT_DEPARTURE
17:48:02.947,45.64,20,2.19,0.92,DETECT_DEPARTURE
17:48:02.994,45.06,21,2.20,0.92,DETECT_DEPARTURE
17:48:03.026,28.44,31,2.21,0.93,DETECT_DEPARTURE
17:48:03.074,47.18,20,2.22,0.93,DETECT_DEPARTURE
17:48:03.120,43.61,22,2.23,0.91,DETECT_DEPARTURE
17:48:03.153,30.37,29,2.23,0.93,WAITING_SERVER
17:48:03.203,47.10,20,2.24,0.92,WAITING_SERVER
17:48:03.250,43.81,21,2.24,0.92,WAITING_SERVER
17:48:03.299,47.51,20,2.25,0.93,WAITING_SERVER
17:48:03.330,27.51,32,2.26,0.92,WAITING_SERVER
17:48:03.380,49.06,19,2.26,0.92,WAITING_SERVER
17:48:03.427,43.49,21,2.27,0.91,WAITING_SERVER
17:48:03.457,28.37,32,2.28,0.92,WAITING_SERVER
17:48:03.505,46.04,20,2.29,0.93,DETECT_ARRIVAL
17:48:03.553,45.05,20,2.31,0.92,DETECT_ARRIVAL
17:48:03.587,30.89,29,2.33,0.92,DETECT_ARRIVAL
17:48:03.634,45.24,21,2.34,0.91,DETECT_ARRIVAL
17:48:03.682,45.36,21,2.36,0.91,DETECT_ARRIVAL
17:48:03.715,30.47,30,2.38,0.91,DETECT_ARRIVAL
17:48:03.764,46.78,20,2.40,0.92,DETECT_ARRIVAL
17:48:03.813,46.89,20,2.42,0.91,DETECT_ARRIVAL
17:48:03.842,26.36,33,2.44,0.92,DETECT_ARRIVAL
17:48:03.891,46.57,20,2.45,0.90,DETECT_ARRIVAL
17:48:03.937,42.97,21,2.47,0.91,DETECT_ARRIVAL
17:48:03.986,46.55,20,2.48,0.91,DETECT_ARRIVAL
17:48:04.021,33.44,28,2.49,0.89,DETECT_ARRIVAL
17:48:04.067,42.98,21,2.50,0.91,DETECT_ARRIVAL
17:48:04.115,45.77,20,2.51,0.91,DETECT_ARRIVAL
17:48:04.147,29.95,30,2.53,0.92,DETECT_ARRIVAL
17:48:04.195,46.11,20,2.54,0.92,DETECT_ARRIVAL
17:48:04.242,45.29,21,2.55,0.91,DETECT_ARRIVAL
17:48:04.274,29.73,30,2.56,0.91,DETECT_ARRIVAL
17:48:04.320,43.20,21,2.58,0.91,DETECT_ARRIVAL
17:48:04.368,45.91,20,2.59,0.91,DETECT_ARRIVAL
17:48:04.401,30.89,30,2.60,0.91,DETECT_ARRIVAL
17:48:04.450,45.73,20,2.61,0.88,DETECT_ARRIVAL
17:48:04.498,45.93,20,2.63,0.90,DETECT_ARRIVAL
17:48:04.530,29.60,30,2.63,0.88,DETECT_ARRIVAL
17:48:04.577,44.81,21,2.64,0.89,DETECT_ARRIVAL
17:48:04.625,45.40,21,2.65,0.91,DETECT_ARRIVAL
17:48:04.658,30.78,29,2.66,0.90,DETECT_ARRIVAL
17:48:04.704,44.27,21,2.67,0.86,DETECT_ARRIVAL
17:48:04.753,45.92,20,2.68,0.88,DETECT_ARRIVAL
17:48:04.787,31.31,29,2.69,0.88,DETECT_ARRIVAL
17:48:04.834,44.97,21,2.69,0.89,DETECT_ARRIVAL
17:48:04.882,44.88,20,2.69,0.92,DETECT_ARRIVAL
17:48:04.929,45.59,21,2.69,0.91,DETECT_ARRIVAL
17:48:04.961,28.74,31,2.69,0.90,DETECT_ARRIVAL
17:48:05.010,45.60,20,2.69,0.91,DETECT_ARRIVAL
17:48:05.058,45.60,21,2.68,0.92,DETECT_ARRIVAL
17:48:05.088,27.38,32,2.67,0.92,DETECT_ARRIVAL
17:48:05.137,46.02,20,2.66,0.93,DETECT_ARRIVAL
17:48:05.187,47.34,20,2.64,0.93,DETECT_ARRIVAL
17:48:05.217,27.89,33,2.62,0.94,DETECT_ARRIVAL
17:48:05.266,46.68,20,2.60,0.94,DETECT_ARRIVAL
17:48:05.313,44.97,21,2.57,0.94,DETECT_ARRIVAL
17:48:05.345,30.61,31,2.54,0.95,DETECT_ARRIVAL
17:48:05.394,45.82,20,2.51,0.94,DETECT_ARRIVAL
17:48:05.440,43.52,21,2.47,0.91,DETECT_ARRIVAL
17:48:05.477,34.22,26,2.42,0.91,DETECT_ARRIVAL
17:48:05.521,42.59,22,2.38,0.91,DETECT_ARRIVAL
17:48:05.568,44.23,21,2.33,0.92,DETECT_ARRIVAL
17:48:05.618,47.20,20,2.28,0.91,DETECT_ARRIVAL
17:48:05.649,28.47,31,2.23,0.90,DETECT_ARRIVAL
17:48:05.698,45.52,20,2.19,0.88,DETECT_ARRIVAL
17:48:05.746,45.29,20,2.15,0.89,DETECT_ARRIVAL
17:48:05.778,29.92,31,2.11,0.89,DETECT_ARRIVAL
17:48:05.825,44.90,20,2.07,0.89,DETECT_ARRIVAL
17:48:05.872,44.50,21,2.04,0.85,DETECT_ARRIVAL
17:48:05.907,32.19,28,2.01,0.85,DETECT_ARRIVAL
17:48:05.954,44.01,21,1.98,0.85,DETECT_ARRIVAL
17:48:06.002,45.10,20,1.95,0.86,DETECT_ARRIVAL
17:48:06.035,30.56,30,1.93,0.84,DETECT_ARRIVAL
17:48:06.083,45.15,20,1.91,0.84,DETECT_ARRIVAL
17:48:06.128,42.87,22,1.88,0.83,DETECT_ARRIVAL
17:48:06.161,30.51,30,1.86,0.86,DETECT_ARRIVAL
17:48:06.210,46.30,20,1.84,0.86,DETECT_ARRIVAL
17:48:06.258,44.44,20,1.81,0.87,DETECT_ARRIVAL
17:48:06.288,27.46,33,1.79,0.87,DETECT_ARRIVAL
17:48:06.337,46.46,20,1.77,0.90,DETECT_ARRIVAL
17:48:06.386,46.44,20,1.74,0.90,DETECT_ARRIVAL
17:48:06.418,29.55,32,1.72,0.85,DETECT_ARRIVAL
17:48:06.467,45.82,20,1.69,0.90,DETECT_ARRIVAL
17:48:06.513,45.96,21,1.67,0.91,DETECT_ARRIVAL
17:48:06.563,45.64,20,0.00,0.00,DETECT_ARRIVAL
17:48:06.594,30.52,31,0.00,0.00,DETECT_ARRIVAL
17:48:06.642,44.99,21,0.00,0.00,DETECT_ARRIVAL
17:48:06.688,45.04,21,0.00,0.00,DETECT_ARRIVAL
17:48:06.721,29.16,30,0.00,0.00,DETECT_ARRIVAL
17:48:06.769,44.85,20,0.00,0.00,DETECT_ARRIVAL
17:48:06.819,47.71,19,0.00,0.00,DETECT_ARRIVAL
17:48:06.853,30.93,29,0.00,0.00,DETECT_ARRIVAL
17:48:06.898,42.68,21,0.00,0.00,DETECT_ARRIVAL
17:48:06.945,44.85,21,0.00,0.00,DETECT_ARRIVAL
17:48:06.978,30.41,30,0.00,0.00,DETECT_ARRIVAL
17:48:07.026,45.08,21,0.00,0.00,DETECT_ARRIVAL
17:48:07.074,46.14,20,0.00,0.00,DETECT_ARRIVAL
17:48:07.106,29.21,31,0.00,0.00,DETECT_ARRIVAL
17:48:07.154,44.70,21,0.00,0.00,DETECT_ARRIVAL
17:48:07.202,46.68,20,0.00,0.00,DETECT_ARRIVAL
17:48:07.250,45.53,20,0.00,0.00,DETECT_ARRIVAL
17:48:07.283,30.77,30,0.00,0.00,DETECT_ARRIVAL
17:48:07.330,45.36,21,0.00,0.00,DETECT_ARRIVAL
17:48:07.380,47.21,20,0.00,0.00,DETECT_ARRIVAL
17:48:07.413,30.30,29,0.00,0.00,DETECT_ARRIVAL
17:48:07.458,42.55,22,0.00,0.00,DETECT_ARRIVAL
17:48:07.506,45.17,20,0.00,0.00,DETECT_ARRIVAL
17:48:07.537,29.12,32,0.00,0.00,DETECT_ARRIVAL
17:48:07.586,45.34,20,0.00,0.00,DETECT_ARRIVAL
17:48:07.636,47.10,19,0.00,0.00,DETECT_ARRIVAL
17:48:07.667,29.49,31,0.00,0.00,DETECT_ARRIVAL
17:48:07.715,45.06,20,0.00,0.00,DETECT_ARRIVAL
17:48:07.763,45.91,20,0.00,0.00,DETECT_ARRIVAL
17:48:07.795,29.60,31,0.00,0.00,DETECT_ARRIVAL
17:48:07.848,51.10,18,0.00,0.00,DETECT_ARRIVAL
17:48:07.896,42.29,20,0.00,0.00,DETECT_ARRIVAL
17:48:07.927,28.46,31,0.00,0.00,DETECT_ARRIVAL
17:48:07.977,47.42,20,0.00,0.00,DETECT_ARRIVAL
17:48:08.019,30.13,23,0.00,0.00,DETECT_ARRIVAL
17:48:08.051,28.79,31,0.00,0.00,DETECT_ARRIVAL
17:48:08.094,41.44,22,0.00,0.00,DETECT_ARRIVAL
17:48:08.142,45.87,20,0.00,0.00,DETECT_ARRIVAL
17:48:08.192,47.31,20,0.00,0.00,DETECT_ARRIVAL
17:48:08.225,29.44,30,0.00,0.00,DETECT_ARRIVAL
17:48:08.270,43.90,21,0.00,0.00,DETECT_ARRIVAL
17:48:08.319,47.09,20,0.00,0.00,DETECT_ARRIVAL
17:48:08.352,29.25,30,0.00,0.00,DETECT_ARRIVAL
17:48:08.400,46.21,21,0.00,0.00,DETECT_ARRIVAL
17:48:08.447,43.96,21,0.00,0.00,DETECT_ARRIVAL
17:48:08.480,31.18,30,0.00,0.00,DETECT_ARRIVAL
17:48:08.528,45.21,20,0.00,0.00,DETECT_ARRIVAL
17:48:08.574,44.41,21,0.00,0.00,DETECT_ARRIVAL
17:48:08.607,31.22,30,0.00,0.00,DETECT_ARRIVAL
17:48:08.656,45.81,20,0.00,0.00,DETECT_ARRIVAL
17:48:08.703,44.85,20,0.00,0.00,DETECT_ARRIVAL
17:48:08.735,28.41,31,0.00,0.00,DETECT_ARRIVAL
17:48:08.789,51.87,18,0.00,0.00,DETECT_ARRIVAL
17:48:08.836,44.12,21,0.00,0.00,DETECT_ARRIVAL
17:48:08.885,46.03,20,0.00,0.00,DETECT_ARRIVAL
17:48:08.914,26.75,33,0.00,0.00,DETECT_ARRIVAL
17:48:08.957,37.62,23,0.00,0.00,DETECT_ARRIVAL
17:48:09.006,47.07,20,0.00,0.00,DETECT_ARRIVAL
17:48:09.039,30.44,29,0.00,0.00,DETECT_ARRIVAL
17:48:09.085,43.15,21,0.00,0.00,DETECT_ARRIVAL
17:48:09.134,46.52,20,0.00,0.00,DETECT_ARRIVAL
17:48:09.167,30.58,30,0.00,0.00,DETECT_ARRIVAL
17:48:09.218,47.70,20,0.00,0.00,DETECT_ARRIVAL
17:48:09.268,47.84,19,0.00,0.00,DETECT_ARRIVAL
17:48:09.302,31.01,29,0.00,0.00,DETECT_ARRIVAL
17:48:09.346,40.65,23,0.00,0.00,DETECT_ARRIVAL
17:48:09.395,46.53,20,0.00,0.00,DETECT_ARRIVAL
17:48:09.432,33.54,27,0.00,0.00,DETECT_ARRIVAL
17:48:09.474,40.38,23,0.00,0.00,DETECT_ARRIVAL
17:48:09.524,46.24,20,0.00,0.00,DETECT_ARRIVAL
17:48:09.583,56.23,16,0.00,0.00,DETECT_ARRIVAL
17:48:09.608,23.20,39,0.00,0.00,DETECT_ARRIVAL
17:48:09.654,42.46,21,0.00,0.00,DETECT_ARRIVAL
17:48:09.686,29.05,32,0.00,0.00,DETECT_ARRIVAL
17:48:09.730,41.55,22,0.00,0.00,DETECT_ARRIVAL
17:48:09.777,44.29,21,0.00,0.00,DETECT_ARRIVAL
17:48:09.826,46.53,20,0.00,0.00,DETECT_ARRIVAL
17:48:09.857,28.31,32,0.00,0.00,DETECT_ARRIVAL
17:48:09.904,44.01,21,0.00,0.00,DETECT_ARRIVAL
17:48:09.976,70.31,13,0.00,0.00,DETECT_ARRIVAL
17:48:10.000,20.93,41,0.00,0.00,DETECT_ARRIVAL
17:48:10.045,41.25,22,0.00,0.00,DETECT_ARRIVAL
17:48:10.086,36.78,24,0.00,0.00,DETECT_ARRIVAL
17:48:10.117,20.26,32,0.00,0.00,DETECT_ARRIVAL
17:48:10.169,41.34,19,0.00,0.00,DETECT_ARRIVAL
17:48:10.216,41.94,21,0.00,0.00,DETECT_ARRIVAL
17:48:10.250,30.42,29,0.00,0.00,DETECT_ARRIVAL
17:48:10.295,43.46,21,0.00,0.00,DETECT_ARRIVAL
17:48:10.346,47.29,19,0.00,0.00,DETECT_ARRIVAL
17:48:10.384,24.48,26,0.00,0.00,DETECT_ARRIVAL
17:48:10.425,34.35,24,0.00,0.00,DETECT_ARRIVAL
17:48:10.471,31.98,21,0.00,0.00,DETECT_ARRIVAL
17:48:10.517,30.99,21,0.00,0.00,DETECT_ARRIVAL
17:48:10.555,21.15,26,0.00,0.00,DETECT_ARRIVAL
17:48:10.605,41.08,20,0.00,0.00,DETECT_ARRIVAL
17:48:10.660,49.19,17,0.00,0.00,DETECT_ARRIVAL
17:48:10.710,36.33,19,0.00,0.00,DETECT_ARRIVAL
17:48:10.748,27.62,26,0.00,0.00,DETECT_ARRIVAL
17:48:10.784,31.72,27,0.00,0.00,DETECT_ARRIVAL
17:48:10.837,38.60,18,0.00,0.00,DETECT_ARRIVAL
17:48:10.877,31.08,25,0.00,0.00,DETECT_ARRIVAL
17:48:10.920,28.42,23,0.00,0.00,DETECT_ARRIVAL
17:48:10.948,25.88,36,0.00,0.00,DETECT_ARRIVAL
17:48:10.985,28.98,27,0.00,0.00,DETECT_ARRIVAL
17:48:11.032,29.64,21,0.00,0.00,DETECT_ARRIVAL
17:48:11.073,25.12,24,0.00,0.00,DETECT_ARRIVAL
17:48:11.119,38.70,21,0.00,0.00,DETECT_ARRIVAL
17:48:11.161,34.92,24,0.00,0.00,DETECT_ARRIVAL
17:48:11.208,45.41,20,0.00,0.00,DETECT_ARRIVAL
17:48:11.244,24.14,27,0.00,0.00,DETECT_ARRIVAL
17:48:11.288,36.38,23,0.00,0.00,DETECT_ARRIVAL
17:48:11.337,38.28,20,0.00,0.00,DETECT_ARRIVAL
17:48:11.373,25.52,28,0.00,0.00,DETECT_ARRIVAL
17:48:11.421,41.80,20,0.00,0.00,DETECT_ARRIVAL
17:48:11.469,42.34,20,0.00,0.00,DETECT_ARRIVAL
17:48:11.498,26.48,34,0.00,0.00,DETECT_ARRIVAL
17:48:11.547,44.27,20,0.00,0.00,DETECT_ARRIVAL
17:48:11.595,44.83,20,0.00,0.00,DETECT_ARRIVAL
17:48:11.627,28.47,31,0.00,0.00,DETECT_ARRIVAL
17:48:11.677,46.99,19,0.00,0.00,DETECT_ARRIVAL
17:48:11.737,45.37,16,0.00,0.00,DETECT_ARRIVAL
17:48:11.784,29.54,21,0.00,0.00,DETECT_ARRIVAL
17:48:11.826,24.63,24,0.00,0.00,DETECT_ARRIVAL
17:48:11.859,27.44,29,0.00,0.00,DETECT_ARRIVAL
17:48:11.886,22.31,37,0.00,0.00,DETECT_ARRIVAL
17:48:11.930,35.34,22,0.00,0.00,DETECT_ARRIVAL
17:48:11.985,42.41,18,0.00,0.00,DETECT_ARRIVAL
17:48:12.015,26.38,33,0.00,0.00,DETECT_ARRIVAL
17:48:12.060,41.40,21,0.00,0.00,DETECT_ARRIVAL
17:48:12.105,39.04,22,0.00,0.00,DETECT_ARRIVAL
17:48:12.156,43.76,19,0.00,0.00,DETECT_ARRIVAL
17:48:12.249,29.41,10,0.00,0.00,DETECT_ARRIVAL
17:48:12.287,20.89,26,0.00,0.00,DETECT_ARRIVAL
17:48:12.322,25.96,28,0.00,0.00,DETECT_ARRIVAL
17:48:12.365,38.61,23,0.00,0.00,DETECT_ARRIVAL
17:48:12.411,37.51,21,0.00,0.00,DETECT_ARRIVAL
17:48:12.443,24.08,31,0.00,0.00,DETECT_ARRIVAL
17:48:12.493,42.99,19,0.00,0.00,DETECT_ARRIVAL
17:48:12.540,43.64,21,0.00,0.00,DETECT_ARRIVAL
17:48:12.580,36.54,24,0.00,0.00,DETECT_ARRIVAL
17:48:12.617,27.29,27,0.00,0.00,DETECT_ARRIVAL
17:48:12.665,43.70,20,0.00,0.00,DETECT_ARRIVAL
17:48:12.696,27.55,33,0.00,0.00,DETECT_ARRIVAL
17:48:12.750,50.74,18,0.00,0.00,DETECT_ARRIVAL
17:48:12.810,48.15,16,0.00,0.00,DETECT_ARRIVAL
17:48:12.851,26.95,24,0.00,0.00,DETECT_ARRIVAL
17:48:12.879,23.98,35,0.00,0.00,DETECT_ARRIVAL
17:48:12.921,34.46,24,0.00,0.00,DETECT_ARRIVAL
17:48:12.968,35.17,21,0.00,0.00,DETECT_ARRIVAL
17:48:12.999,18.76,32,0.00,0.00,DETECT_ARRIVAL
17:48:13.047,37.00,20,0.00,0.00,DETECT_ARRIVAL
17:48:13.096,37.60,20,0.00,0.00,DETECT_ARRIVAL
17:48:13.128,22.99,30,0.00,0.00,DETECT_ARRIVAL
17:48:13.178,42.16,19,0.00,0.00,DETECT_ARRIVAL
17:48:13.228,45.39,20,0.00,0.00,DETECT_ARRIVAL
17:48:13.269,25.94,23,0.00,0.00,DETECT_ARRIVAL
17:48:13.304,29.85,28,0.00,0.00,DETECT_ARRIVAL
17:48:13.351,44.38,21,0.00,0.00,DETECT_ARRIVAL
17:48:13.389,35.77,26,0.00,0.00,DETECT_ARRIVAL
17:48:13.431,30.60,23,0.00,0.00,DETECT_ARRIVAL
17:48:13.477,30.75,21,0.00,0.00,DETECT_ARRIVAL
17:48:13.517,22.75,25,0.00,0.00,DETECT_ARRIVAL
17:48:13.560,34.02,23,0.00,0.00,DETECT_ARRIVAL
17:48:13.617,45.00,17,0.00,0.00,DETECT_ARRIVAL
17:48:13.656,37.67,25,0.00,0.00,DETECT_ARRIVAL
17:48:13.693,34.59,26,0.00,0.00,DETECT_ARRIVAL
17:48:13.735,37.17,24,0.00,0.00,DETECT_ARRIVAL
17:48:13.786,41.48,19,0.00,0.00,DETECT_ARRIVAL
17:48:13.821,30.69,28,0.00,0.00,DETECT_ARRIVAL
17:48:13.866,28.24,22,0.00,0.00,DETECT_ARRIVAL
17:48:13.914,45.21,20,0.00,0.00,DETECT_ARRIVAL
17:48:13.954,36.95,25,0.00,0.00,DETECT_ARRIVAL
17:48:14.002,37.43,20,0.00,0.00,DETECT_ARRIVAL
17:48:14.050,46.32,20,0.00,0.00,DETECT_ARRIVAL
17:48:14.089,30.74,25,0.00,0.00,DETECT_ARRIVAL
17:48:14.138,32.60,20,0.00,0.00,DETECT_ARRIVAL
17:48:14.181,42.62,23,0.00,0.00,DETECT_ARRIVAL
17:48:14.218,33.06,27,0.00,0.00,DETECT_ARRIVAL
17:48:14.266,35.91,21,0.00,0.00,DETECT_ARRIVAL
17:48:14.305,25.29,25,0.00,0.00,DETECT_ARRIVAL
17:48:14.335,25.26,32,0.00,0.00,DETECT_ARRIVAL
17:48:14.378,35.24,23,0.00,0.00,DETECT_ARRIVAL
17:48:14.425,35.21,21,0.00,0.00,DETECT_ARRIVAL
17:48:14.461,23.95,27,0.00,0.00,DETECT_ARRIVAL
17:48:14.504,35.39,23,0.00,0.00,DETECT_ARRIVAL
17:48:14.557,42.21,18,0.00,0.00,DETECT_ARRIVAL
17:48:14.604,41.20,21,0.00,0.00,DETECT_ARRIVAL
17:48:14.632,21.91,35,0.00,0.00,DETECT_ARRIVAL
17:48:14.680,38.26,20,0.00,0.00,DETECT_ARRIVAL
17:48:14.728,46.17,20,0.00,0.00,DETECT_ARRIVAL
17:48:14.761,25.55,30,0.00,0.00,DETECT_ARRIVAL
17:48:14.819,53.97,17,0.00,0.00,DETECT_ARRIVAL
17:48:14.860,38.53,24,0.00,0.00,DETECT_ARRIVAL
17:48:14.902,24.09,24,0.00,0.00,DETECT_ARRIVAL
17:48:14.939,30.11,26,0.00,0.00,DETECT_ARRIVAL
17:48:14.998,56.80,17,0.00,0.00,DETECT_ARRIVAL
17:48:15.025,19.95,37,0.00,0.00,DETECT_ARRIVAL
17:48:15.066,30.50,23,0.00,0.00,DETECT_ARRIVAL
17:48:15.111,29.73,22,0.00,0.00,DETECT_ARRIVAL
17:48:15.151,23.75,25,0.00,0.00,DETECT_ARRIVAL
17:48:15.195,35.34,22,0.00,0.00,DETECT_ARRIVAL
17:48:15.239,32.96,22,0.00,0.00,DETECT_ARRIVAL
17:48:15.276,23.97,27,0.00,0.00,DETECT_ARRIVAL
17:48:15.317,33.83,24,0.00,0.00,DETECT_ARRIVAL
17:48:15.367,36.12,19,0.00,0.00,DETECT_ARRIVAL
17:48:15.421,41.94,18,0.00,0.00,DETECT_ARRIVAL
17:48:15.449,23.43,35,0.00,0.00,DETECT_ARRIVAL
17:48:15.502,44.65,19,0.00,0.00,DETECT_ARRIVAL
17:48:15.546,26.90,22,0.00,0.00,DETECT_ARRIVAL
17:48:15.580,29.53,29,0.00,0.00,DETECT_ARRIVAL
17:48:15.626,44.48,21,0.00,0.00,DETECT_ARRIVAL
17:48:15.674,45.04,20,0.00,0.00,DETECT_ARRIVAL
17:48:15.714,23.85,24,0.00,0.00,DETECT_ARRIVAL
17:48:15.755,33.47,24,0.00,0.00,DETECT_ARRIVAL
17:48:15.801,33.99,21,0.00,0.00,DETECT_ARRIVAL
17:48:15.838,23.90,27,0.00,0.00,DETECT_ARRIVAL
17:48:15.891,45.11,18,0.00,0.00,DETECT_ARRIVAL
17:48:15.929,36.61,26,0.00,0.00,DETECT_ARRIVAL
17:48:15.964,24.88,28,0.00,0.00,DETECT_ARRIVAL
17:48:16.009,38.52,22,0.00,0.00,DETECT_ARRIVAL
17:48:16.056,39.41,21,0.00,0.00,DETECT_ARRIVAL
17:48:16.109,45.97,18,0.00,0.00,DETECT_ARRIVAL
17:48:16.152,25.62,23,0.00,0.00,DETECT_ARRIVAL
17:48:16.188,29.65,27,0.00,0.00,DETECT_ARRIVAL
17:48:16.236,30.44,21,0.00,0.00,DETECT_ARRIVAL
17:48:16.282,28.33,21,0.00,0.00,DETECT_ARRIVAL
17:48:16.321,20.43,25,0.00,0.00,DETECT_ARRIVAL
17:48:16.361,30.10,24,0.00,0.00,DETECT_ARRIVAL
17:48:16.403,24.00,24,0.00,0.00,DETECT_ARRIVAL
17:48:16.441,30.51,26,0.00,0.00,DETECT_ARRIVAL
17:48:16.490,33.82,20,0.00,0.00,DETECT_ARRIVAL
17:48:16.528,23.97,26,0.00,0.00,DETECT_ARRIVAL
17:48:16.570,35.51,23,0.00,0.00,DETECT_ARRIVAL
17:48:16.619,37.96,20,0.00,0.00,DETECT_ARRIVAL
17:48:16.654,25.52,28,0.00,0.00,DETECT_ARRIVAL
17:48:16.699,38.16,22,0.00,0.00,DETECT_ARRIVAL
17:48:16.745,38.51,21,0.00,0.00,DETECT_ARRIVAL
17:48:16.809,55.86,15,0.00,0.00,DETECT_ARRIVAL
17:48:16.847,32.02,26,0.00,0.00,DETECT_ARRIVAL
17:48:16.877,27.26,33,0.00,0.00,DETECT_ARRIVAL
17:48:16.938,44.29,16,0.00,0.00,DETECT_ARRIVAL
17:48:16.974,32.86,28,0.00,0.00,DETECT_ARRIVAL
17:48:17.008,33.17,28,0.00,0.00,DETECT_ARRIVAL
17:48:17.051,40.15,23,0.00,0.00,DETECT_ARRIVAL
17:48:17.096,29.17,22,0.00,0.00,DETECT_ARRIVAL
17:48:17.137,39.16,24,0.00,0.00,DETECT_ARRIVAL
17:48:17.182,38.27,21,0.00,0.00,DETECT_ARRIVAL
17:48:17.225,34.04,23,0.00,0.00,DETECT_ARRIVAL
17:48:17.266,29.52,24,0.00,0.00,DETECT_ARRIVAL
17:48:17.314,45.60,20,0.00,0.00,DETECT_ARRIVAL
17:48:17.355,38.61,24,0.00,0.00,DETECT_ARRIVAL
17:48:17.399,36.69,22,0.00,0.00,DETECT_ARRIVAL
17:48:17.481,79.54,12,0.00,0.00,DETECT_ARRIVAL
17:48:17.521,31.26,25,0.00,0.00,DETECT_ARRIVAL
17:48:17.557,33.77,27,0.00,0.00,DETECT_ARRIVAL
17:48:17.606,35.99,20,0.00,0.00,DETECT_ARRIVAL
17:48:17.657,48.48,20,0.00,0.00,DETECT_ARRIVAL
17:48:17.723,61.48,14,0.00,0.00,DETECT_ARRIVAL
17:48:17.765,39.24,23,0.00,0.00,DETECT_ARRIVAL
17:48:17.807,35.12,23,0.00,0.00,DETECT_ARRIVAL
17:48:17.845,26.48,26,0.00,0.00,DETECT_ARRIVAL
17:48:17.883,32.12,26,0.00,0.00,DETECT_ARRIVAL
17:48:17.928,30.87,22,0.00,0.00,DETECT_ARRIVAL
17:48:17.987,44.17,16,0.00,0.00,DETECT_ARRIVAL
17:48:18.025,34.32,26,0.00,0.00,DETECT_ARRIVAL
17:48:18.063,25.13,26,0.00,0.00,DETECT_ARRIVAL
17:48:18.093,23.17,34,0.00,0.00,DETECT_ARRIVAL
17:48:18.121,21.61,34,0.00,0.00,DETECT_ARRIVAL
17:48:18.158,26.43,27,0.00,0.00,DETECT_ARRIVAL
17:48:18.203,41.24,22,0.00,0.00,DETECT_ARRIVAL
17:48:18.250,40.37,21,0.00,0.00,DETECT_ARRIVAL
17:48:18.285,27.57,28,0.00,0.00,DETECT_ARRIVAL
17:48:18.331,42.96,21,0.00,0.00,DETECT_ARRIVAL
17:48:18.381,46.17,20,0.00,0.00,DETECT_ARRIVAL
17:48:18.421,23.08,24,0.00,0.00,DETECT_ARRIVAL
17:48:18.464,34.85,23,0.00,0.00,DETECT_ARRIVAL
17:48:18.508,32.34,22,0.00,0.00,DETECT_ARRIVAL
17:48:18.554,31.82,21,0.00,0.00,DETECT_ARRIVAL
17:48:18.596,26.49,23,0.00,0.00,DETECT_ARRIVAL
17:48:18.633,32.96,27,0.00,0.00,DETECT_ARRIVAL
17:48:18.680,35.53,20,0.00,0.00,DETECT_ARRIVAL
17:48:18.712,19.79,31,0.00,0.00,DETECT_ARRIVAL
17:48:18.765,40.74,18,0.00,0.00,DETECT_ARRIVAL
17:48:18.812,41.91,21,0.00,0.00,DETECT_ARRIVAL
17:48:18.841,24.03,34,0.00,0.00,DETECT_ARRIVAL
17:48:18.890,41.94,20,0.00,0.00,DETECT_ARRIVAL
17:48:18.939,42.98,20,0.00,0.00,DETECT_ARRIVAL
17:48:18.975,31.89,27,0.00,0.00,DETECT_ARRIVAL
17:48:19.038,48.29,15,0.00,0.00,DETECT_ARRIVAL
17:48:19.084,30.98,21,0.00,0.00,DETECT_ARRIVAL
17:48:19.118,18.82,29,0.00,0.00,DETECT_ARRIVAL
17:48:19.153,21.83,28,0.00,0.00,DETECT_ARRIVAL
17:48:19.191,27.75,26,0.00,0.00,DETECT_ARRIVAL
17:48:19.226,31.49,28,0.00,0.00,DETECT_ARRIVAL
17:48:19.283,42.57,17,0.00,0.00,DETECT_ARRIVAL
17:48:19.322,35.57,25,0.00,0.00,DETECT_ARRIVAL
17:48:19.370,35.32,20,0.00,0.00,DETECT_ARRIVAL
17:48:19.413,32.56,23,0.00,0.00,DETECT_ARRIVAL
17:48:19.457,30.61,22,0.00,0.00,DETECT_ARRIVAL
17:48:19.504,29.38,21,0.00,0.00,DETECT_ARRIVAL
17:48:19.531,26.07,35,0.00,0.00,DETECT_ARRIVAL
17:48:19.580,43.23,20,0.00,0.00,DETECT_ARRIVAL
17:48:19.627,44.63,21,0.00,0.00,DETECT_ARRIVAL
17:48:19.672,28.17,22,0.00,0.00,DETECT_ARRIVAL
17:48:19.709,33.52,26,0.00,0.00,DETECT_ARRIVAL
17:48:19.754,31.90,22,0.00,0.00,DETECT_ARRIVAL
17:48:19.794,26.02,25,0.00,0.00,DETECT_ARRIVAL
17:48:19.832,32.15,26,0.00,0.00,DETECT_ARRIVAL
17:48:19.887,40.47,18,0.00,0.00,DETECT_ARRIVAL
17:48:19.916,22.81,34,0.00,0.00,DETECT_ARRIVAL
17:48:19.962,36.34,21,0.00,0.00,DETECT_ARRIVAL
17:48:20.008,36.25,21,0.00,0.00,DETECT_ARRIVAL
17:48:20.049,29.63,24,0.00,0.00,DETECT_ARRIVAL
17:48:20.093,27.34,22,0.00,0.00,DETECT_ARRIVAL
17:48:20.138,41.52,22,0.00,0.00,DETECT_ARRIVAL
17:48:20.184,40.67,22,0.00,0.00,DETECT_ARRIVAL
17:48:20.216,26.37,31,0.00,0.00,DETECT_ARRIVAL
17:48:20.264,43.51,20,0.00,0.00,DETECT_ARRIVAL
17:48:20.311,42.43,21,0.00,0.00,DETECT_ARRIVAL
17:48:20.345,29.40,29,0.00,0.00,DETECT_ARRIVAL
17:48:20.391,29.39,21,0.00,0.00,DETECT_ARRIVAL
17:48:20.442,33.60,19,0.00,0.00,DETECT_ARRIVAL
17:48:20.476,21.05,29,0.00,0.00,DETECT_ARRIVAL
17:48:20.521,42.66,22,0.00,0.00,DETECT_ARRIVAL
17:48:20.580,46.08,16,0.00,0.00,DETECT_ARRIVAL
17:48:20.619,24.12,25,0.00,0.00,DETECT_ARRIVAL
17:48:20.653,26.31,29,0.00,0.00,DETECT_ARRIVAL
17:48:20.703,44.79,19,0.00,0.00,DETECT_ARRIVAL
17:48:20.745,24.40,23,0.00,0.00,DETECT_ARRIVAL
17:48:20.781,28.39,27,0.00,0.00,DETECT_ARRIVAL
17:48:20.835,50.42,18,0.00,0.00,DETECT_ARRIVAL
17:48:20.880,33.35,22,0.00,0.00,DETECT_ARRIVAL
17:48:20.925,31.56,22,0.00,0.00,DETECT_ARRIVAL
17:48:20.973,33.22,20,0.00,0.00,DETECT_ARRIVAL
17:48:21.010,24.12,26,0.00,0.00,DETECT_ARRIVAL
17:48:21.046,33.23,28,0.00,0.00,DETECT_ARRIVAL
17:48:21.087,37.07,24,0.00,0.00,DETECT_ARRIVAL
17:48:21.131,41.92,22,0.00,0.00,DETECT_ARRIVAL
17:48:21.165,21.48,29,0.00,0.00,DETECT_ARRIVAL
17:48:21.213,39.29,20,0.00,0.00,DETECT_ARRIVAL
17:48:21.256,34.90,23,0.00,0.00,DETECT_ARRIVAL
17:48:21.291,22.38,28,0.00,0.00,DETECT_ARRIVAL
17:48:21.336,36.59,22,0.00,0.00,DETECT_ARRIVAL
17:48:21.388,41.93,19,0.00,0.00,DETECT_ARRIVAL
17:48:21.440,49.41,19,0.00,0.00,DETECT_ARRIVAL
17:48:21.484,26.64,22,0.00,0.00,DETECT_ARRIVAL
17:48:21.517,28.60,29,0.00,0.00,DETECT_ARRIVAL
17:48:21.545,25.08,35,0.00,0.00,DETECT_ARRIVAL
17:48:21.596,48.48,19,0.00,0.00,DETECT_ARRIVAL
17:48:21.653,39.82,17,0.00,0.00,DETECT_ARRIVAL
17:48:21.699,44.22,21,0.00,0.00,DETECT_ARRIVAL
17:48:21.749,41.69,20,0.00,0.00,DETECT_ARRIVAL
17:48:21.782,28.36,30,0.00,0.00,DETECT_ARRIVAL
17:48:21.818,33.00,27,0.00,0.00,DETECT_ARRIVAL
17:48:21.861,29.05,23,0.00,0.00,DETECT_ARRIVAL
17:48:21.908,29.97,21,0.00,0.00,DETECT_ARRIVAL
17:48:21.950,24.99,23,0.00,0.00,DETECT_ARRIVAL
17:48:21.981,23.37,32,0.00,0.00,DETECT_ARRIVAL
17:48:22.024,35.32,23,0.00,0.00,DETECT_ARRIVAL
17:48:22.072,36.62,20,0.00,0.00,DETECT_ARRIVAL
17:48:22.126,43.53,18,0.00,0.00,DETECT_ARRIVAL
17:48:22.158,26.59,31,0.00,0.00,DETECT_ARRIVAL
17:48:22.201,37.76,23,0.00,0.00,DETECT_ARRIVAL
17:48:22.237,28.18,27,0.00,0.00,DETECT_ARRIVAL
17:48:22.280,39.21,23,0.00,0.00,DETECT_ARRIVAL
17:48:22.326,38.25,21,0.00,0.00,DETECT_ARRIVAL
17:48:22.383,49.41,17,0.00,0.00,DETECT_ARRIVAL
17:48:22.427,29.99,22,0.00,0.00,DETECT_ARRIVAL
17:48:22.466,36.76,25,0.00,0.00,DETECT_ARRIVAL
17:48:22.502,34.40,28,0.00,0.00,DETECT_ARRIVAL
17:48:22.552,45.58,19,0.00,0.00,DETECT_ARRIVAL
17:48:22.603,33.90,19,0.00,0.00,DETECT_ARRIVAL
17:48:22.646,30.45,23,0.00,0.00,DETECT_ARRIVAL
17:48:22.684,20.94,26,0.00,0.00,DETECT_ARRIVAL
17:48:22.719,24.35,28,0.00,0.00,DETECT_ARRIVAL
17:48:22.763,37.38,22,0.00,0.00,DETECT_ARRIVAL
17:48:22.792,21.11,34,0.00,0.00,DETECT_ARRIVAL
17:48:22.839,36.99,20,0.00,0.00,DETECT_ARRIVAL
17:48:22.887,37.29,21,0.00,0.00,DETECT_ARRIVAL
17:48:22.920,24.30,30,0.00,0.00,DETECT_ARRIVAL
17:48:22.966,39.75,21,0.00,0.00,DETECT_ARRIVAL
17:48:23.014,39.97,20,0.00,0.00,DETECT_ARRIVAL
17:48:23.047,25.73,30,0.00,0.00,DETECT_ARRIVAL
17:48:23.099,45.96,19,0.00,0.00,DETECT_ARRIVAL
17:48:23.152,37.63,19,0.00,0.00,DETECT_ARRIVAL
17:48:23.186,24.32,29,0.00,0.00,DETECT_ARRIVAL
17:48:23.225,32.33,25,0.00,0.00,DETECT_ARRIVAL
17:48:23.269,29.04,22,0.00,0.00,DETECT_ARRIVAL
17:48:23.322,48.87,18,0.00,0.00,DETECT_ARRIVAL
17:48:23.356,20.49,28,0.00,0.00,DETECT_ARRIVAL
17:48:23.401,34.26,22,0.00,0.00,DETECT_ARRIVAL
17:48:23.447,34.16,21,0.00,0.00,DETECT_ARRIVAL
17:48:23.484,23.61,27,0.00,0.00,DETECT_ARRIVAL
17:48:23.530,39.07,21,0.00,0.00,DETECT_ARRIVAL
17:48:23.576,38.54,21,0.00,0.00,DETECT_ARRIVAL
17:48:23.610,26.54,29,0.00,0.00,DETECT_ARRIVAL
17:48:23.657,41.65,21,0.00,0.00,DETECT_ARRIVAL
17:48:23.704,41.12,21,0.00,0.00,DETECT_ARRIVAL
17:48:23.734,25.85,32,0.00,0.00,DETECT_ARRIVAL
17:48:23.784,44.66,20,0.00,0.00,DETECT_ARRIVAL
17:48:23.833,47.35,20,0.00,0.00,DETECT_ARRIVAL
17:48:23.871,21.72,26,0.00,0.00,DETECT_ARRIVAL
17:48:23.914,33.99,23,0.00,0.00,DETECT_ARRIVAL
17:48:23.963,34.38,20,0.00,0.00,DETECT_ARRIVAL
17:48:24.011,35.95,20,0.00,0.00,DETECT_ARRIVAL
17:48:24.043,21.98,30,0.00,0.00,DETECT_ARRIVAL
17:48:24.088,34.66,22,0.00,0.00,DETECT_ARRIVAL
17:48:24.130,29.95,23,0.00,0.00,DETECT_ARRIVAL
17:48:24.178,45.63,20,0.00,0.00,DETECT_ARRIVAL
17:48:24.227,33.65,20,0.00,0.00,DETECT_ARRIVAL
17:48:24.279,38.13,19,0.00,0.00,DETECT_ARRIVAL
17:48:24.314,26.36,28,0.00,0.00,DETECT_ARRIVAL
17:48:24.351,30.79,27,0.00,0.00,DETECT_ARRIVAL
17:48:24.396,30.83,21,0.00,0.00,DETECT_ARRIVAL
17:48:24.443,29.89,21,0.00,0.00,DETECT_ARRIVAL
17:48:24.482,21.94,26,0.00,0.00,DETECT_ARRIVAL
17:48:24.519,28.13,26,0.00,0.00,DETECT_ARRIVAL
17:48:24.559,20.60,25,0.00,0.00,DETECT_ARRIVAL
17:48:24.598,29.75,25,0.00,0.00,DETECT_ARRIVAL
17:48:24.650,35.32,19,0.00,0.00,DETECT_ARRIVAL
17:48:24.679,27.39,33,0.00,0.00,DETECT_ARRIVAL
17:48:24.730,35.85,19,0.00,0.00,DETECT_ARRIVAL
17:48:24.775,33.79,22,0.00,0.00,DETECT_ARRIVAL
17:48:24.814,24.40,25,0.00,0.00,DETECT_ARRIVAL
17:48:24.856,36.24,23,0.00,0.00,DETECT_ARRIVAL
17:48:24.905,36.98,20,0.00,0.00,DETECT_ARRIVAL
17:48:24.953,38.90,20,0.00,0.00,DETECT_ARRIVAL
17:48:24.982,20.38,35,0.00,0.00,DETECT_ARRIVAL
17:48:25.035,42.96,18,0.00,0.00,DETECT_ARRIVAL
17:48:25.079,39.68,22,0.00,0.00,DETECT_ARRIVAL
17:48:25.110,24.32,32,0.00,0.00,DETECT_ARRIVAL
17:48:25.166,48.45,17,0.00,0.00,DETECT_ARRIVAL
17:48:25.211,30.27,22,0.00,0.00,DETECT_ARRIVAL
17:48:25.249,22.40,26,0.00,0.00,DETECT_ARRIVAL
17:48:25.289,31.02,24,0.00,0.00,DETECT_ARRIVAL
17:48:25.339,35.61,19,0.00,0.00,DETECT_ARRIVAL
17:48:25.372,21.87,30,0.00,0.00,DETECT_ARRIVAL
17:48:25.420,40.23,20,0.00,0.00,DETECT_ARRIVAL
17:48:25.464,36.50,23,0.00,0.00,DETECT_ARRIVAL
17:48:25.495,21.17,31,0.00,0.00,DETECT_ARRIVAL
17:48:25.549,44.03,18,0.00,0.00,DETECT_ARRIVAL
17:48:25.594,41.79,22,0.00,0.00,DETECT_ARRIVAL
17:48:25.645,46.74,19,0.00,0.00,DETECT_ARRIVAL
17:48:25.683,21.66,26,0.00,0.00,DETECT_ARRIVAL
17:48:25.724,31.27,24,0.00,0.00,DETECT_ARRIVAL
17:48:25.768,29.40,22,0.00,0.00,DETECT_ARRIVAL
17:48:25.809,22.81,24,0.00,0.00,DETECT_ARRIVAL
17:48:25.852,36.57,22,0.00,0.00,DETECT_ARRIVAL
17:48:25.897,34.30,22,0.00,0.00,DETECT_ARRIVAL
17:48:25.947,36.65,20,0.00,0.00,DETECT_ARRIVAL
17:48:25.992,33.78,22,0.00,0.00,DETECT_ARRIVAL
17:48:26.028,26.08,28,0.00,0.00,DETECT_ARRIVAL
17:48:26.054,24.07,38,0.00,0.00,DETECT_ARRIVAL
17:48:26.101,45.21,21,0.00,0.00,DETECT_ARRIVAL
17:48:26.149,44.72,20,0.00,0.00,DETECT_ARRIVAL
17:48:26.180,28.00,32,0.00,0.00,DETECT_ARRIVAL
17:48:26.227,45.52,21,0.00,0.00,DETECT_ARRIVAL
17:48:26.277,46.55,20,0.00,0.00,DETECT_ARRIVAL
17:48:26.305,24.89,35,0.00,0.00,DETECT_ARRIVAL
17:48:26.354,46.49,20,0.00,0.00,DETECT_ARRIVAL
17:48:26.401,45.96,20,0.00,0.00,DETECT_ARRIVAL
17:48:26.434,29.54,31,0.00,0.00,DETECT_ARRIVAL
17:48:26.482,45.40,20,0.00,0.00,DETECT_ARRIVAL
17:48:26.528,43.03,21,0.00,0.00,DETECT_ARRIVAL
17:48:26.580,49.22,19,0.00,0.00,DETECT_ARRIVAL
17:48:26.624,40.70,22,0.00,0.00,DETECT_ARRIVAL
17:48:26.664,36.65,25,0.00,0.00,DETECT_ARRIVAL
17:48:26.728,61.16,15,0.00,0.00,DETECT_ARRIVAL
17:48:26.770,29.52,23,0.00,0.00,DETECT_ARRIVAL
17:48:26.797,24.93,36,0.00,0.00,DETECT_ARRIVAL
17:48:26.843,40.39,21,0.00,0.00,DETECT_ARRIVAL
17:48:26.873,22.97,33,0.00,0.00,DETECT_ARRIVAL
17:48:26.939,59.54,15,0.00,0.00,DETECT_ARRIVAL
17:48:26.984,43.12,22,0.00,0.00,DETECT_ARRIVAL
17:48:27.020,34.65,27,0.00,0.00,DETECT_ARRIVAL
17:48:27.055,24.91,29,0.00,0.00,DETECT_ARRIVAL
17:48:27.093,36.15,25,0.00,0.00,DETECT_ARRIVAL
17:48:27.125,27.98,31,0.00,0.00,DETECT_ARRIVAL
17:48:27.175,47.30,19,0.00,0.00,DETECT_ARRIVAL
17:48:27.220,41.76,22,0.00,0.00,DETECT_ARRIVAL
17:48:27.270,47.13,19,0.00,0.00,DETECT_ARRIVAL
17:48:27.302,30.07,31,0.00,0.00,DETECT_ARRIVAL
17:48:27.347,43.76,21,0.00,0.00,DETECT_ARRIVAL
17:48:27.399,47.93,19,0.00,0.00,DETECT_ARRIVAL
17:48:27.427,26.34,35,0.00,0.00,DETECT_ARRIVAL
17:48:27.477,46.66,20,0.00,0.00,DETECT_ARRIVAL
17:48:27.522,43.03,22,0.00,0.00,DETECT_ARRIVAL
17:48:27.553,28.27,32,0.00,0.00,DETECT_ARRIVAL
17:48:27.604,48.35,19,0.00,0.00,DETECT_ARRIVAL
17:48:27.650,44.74,21,0.00,0.00,DETECT_ARRIVAL
17:48:27.686,33.13,27,0.00,0.00,DETECT_ARRIVAL
17:48:27.729,40.07,23,0.00,0.00,DETECT_ARRIVAL
17:48:27.778,45.68,20,0.00,0.00,DETECT_ARRIVAL
17:48:27.807,27.12,33,0.00,0.00,DETECT_ARRIVAL
17:48:27.858,47.60,19,0.00,0.00,DETECT_ARRIVAL
17:48:27.902,43.19,22,0.00,0.00,DETECT_ARRIVAL
17:48:27.939,32.96,27,0.00,0.00,DETECT_ARRIVAL
17:48:27.986,46.12,21,0.00,0.00,DETECT_ARRIVAL
17:48:28.034,43.34,21,0.00,0.00,DETECT_ARRIVAL
17:48:28.066,30.63,31,0.00,0.00,DETECT_ARRIVAL
17:48:28.119,49.57,18,0.00,0.00,DETECT_ARRIVAL
17:48:28.163,42.76,22,0.00,0.00,DETECT_ARRIVAL
17:48:28.211,43.71,21,0.00,0.00,DETECT_ARRIVAL
17:48:28.244,30.99,30,0.00,0.00,DETECT_ARRIVAL
17:48:28.292,44.74,20,0.00,0.00,DETECT_ARRIVAL
17:48:28.341,47.75,20,0.00,0.00,DETECT_ARRIVAL
17:48:28.372,28.70,32,0.00,0.00,DETECT_ARRIVAL
17:48:28.417,40.90,22,0.00,0.00,DETECT_ARRIVAL
17:48:28.466,46.78,20,0.00,0.00,DETECT_ARRIVAL
17:48:28.499,29.32,30,0.00,0.00,DETECT_ARRIVAL
17:48:28.548,48.11,20,0.00,0.00,DETECT_ARRIVAL
17:48:28.595,44.16,21,0.00,0.00,DETECT_ARRIVAL
17:48:28.627,29.87,31,0.00,0.00,DETECT_ARRIVAL
17:48:28.674,44.96,21,0.00,0.00,DETECT_ARRIVAL
17:48:28.721,44.70,21,0.00,0.00,DETECT_ARRIVAL
17:48:28.753,30.00,30,0.00,0.00,DETECT_ARRIVAL
17:48:28.802,45.85,20,0.00,0.00,DETECT_ARRIVAL
17:48:28.851,48.10,20,0.00,0.00,DETECT_ARRIVAL
17:48:28.882,28.35,32,0.00,0.00,DETECT_ARRIVAL
17:48:28.932,45.46,20,0.00,0.00,DETECT_ARRIVAL
17:48:28.979,44.81,21,0.00,0.00,DETECT_ARRIVAL
17:48:29.028,46.00,20,0.00,0.00,DETECT_ARRIVAL
17:48:29.060,30.05,31,0.00,0.00,DETECT_ARRIVAL
17:48:29.105,41.35,22,0.00,0.00,DETECT_ARRIVAL
17:48:29.156,49.54,19,0.00,0.00,DETECT_ARRIVAL
17:48:29.188,29.21,30,0.00,0.00,DETECT_ARRIVAL
17:48:29.234,42.51,22,0.00,0.00,DETECT_ARRIVAL
17:48:29.282,47.17,20,0.00,0.00,DETECT_ARRIVAL
17:48:29.315,29.88,30,0.00,0.00,DETECT_ARRIVAL
17:48:29.363,44.49,21,0.00,0.00,DETECT_ARRIVAL
17:48:29.412,46.41,20,0.00,0.00,DETECT_ARRIVAL
17:48:29.442,26.32,33,0.00,0.00,DETECT_ARRIVAL
17:48:29.491,46.10,20,0.00,0.00,DETECT_ARRIVAL
17:48:29.538,44.14,21,0.00,0.00,DETECT_ARRIVAL
17:48:29.570,29.98,31,0.00,0.00,DETECT_ARRIVAL
17:48:29.616,43.52,21,0.00,0.00,DETECT_ARRIVAL
17:48:29.665,45.85,20,0.00,0.00,DETECT_ARRIVAL
17:48:29.698,30.17,29,0.00,0.00,DETECT_ARRIVAL
